1,1,0.0055248618784530384,boa-C..Users.zyx.IdeaProjects.MAS3.1BOATest.out.production.MAS3.1BOATest.mas2023.group4.Group4_BS_min_k_e_max-C..Users.zyx.IdeaProjects.MAS3.1BOATest.out.production.MAS3.1BOATest.mas2023.group4.Group4_AS_Uncertainty-C..Users.zyx.IdeaProjects.MAS3.1BOATest.out.production.MAS3.1BOATest.mas2023.group4.Group4_OM_l-C..Users.zyx.IdeaProjects.MAS3.1BOATest.out.production.MAS3.1BOATest.mas2023.group4.Group4_OMS_t@2,(Offer  bid:Bid[Food: Chips and Nuts, Drinks: Beer Only, Location: Party Room, Invitations: Custom, Handmade, Music: DJ, Cleanup: Specialized Materials])
1,2,0.0055248618784530384,KLH@3,(Offer  bid:Bid[Food: Catering, Drinks: Handmade Cocktails, Location: Party Room, Invitations: Custom, Printed, Music: MP3, Cleanup: Water and Soap])
2,1,0.011049723756906077,boa-C..Users.zyx.IdeaProjects.MAS3.1BOATest.out.production.MAS3.1BOATest.mas2023.group4.Group4_BS_min_k_e_max-C..Users.zyx.IdeaProjects.MAS3.1BOATest.out.production.MAS3.1BOATest.mas2023.group4.Group4_AS_Uncertainty-C..Users.zyx.IdeaProjects.MAS3.1BOATest.out.production.MAS3.1BOATest.mas2023.group4.Group4_OM_l-C..Users.zyx.IdeaProjects.MAS3.1BOATest.out.production.MAS3.1BOATest.mas2023.group4.Group4_OMS_t@2,(Offer  bid:Bid[Food: Chips and Nuts, Drinks: Beer Only, Location: Party Room, Invitations: Custom, Handmade, Music: DJ, Cleanup: Specialized Materials])
2,2,0.011049723756906077,KLH@3,(Offer  bid:Bid[Food: Catering, Drinks: Handmade Cocktails, Location: Party Room, Invitations: Plain, Music: MP3, Cleanup: Water and Soap])
3,1,0.016574585635359115,boa-C..Users.zyx.IdeaProjects.MAS3.1BOATest.out.production.MAS3.1BOATest.mas2023.group4.Group4_BS_min_k_e_max-C..Users.zyx.IdeaProjects.MAS3.1BOATest.out.production.MAS3.1BOATest.mas2023.group4.Group4_AS_Uncertainty-C..Users.zyx.IdeaProjects.MAS3.1BOATest.out.production.MAS3.1BOATest.mas2023.group4.Group4_OM_l-C..Users.zyx.IdeaProjects.MAS3.1BOATest.out.production.MAS3.1BOATest.mas2023.group4.Group4_OMS_t@2,(Offer  bid:Bid[Food: Chips and Nuts, Drinks: Beer Only, Location: Party Room, Invitations: Custom, Handmade, Music: DJ, Cleanup: Specialized Materials])
3,2,0.016574585635359115,KLH@3,(Offer  bid:Bid[Food: Catering, Drinks: Handmade Cocktails, Location: Party Room, Invitations: Custom, Printed, Music: MP3, Cleanup: Water and Soap])
4,1,0.022099447513812154,boa-C..Users.zyx.IdeaProjects.MAS3.1BOATest.out.production.MAS3.1BOATest.mas2023.group4.Group4_BS_min_k_e_max-C..Users.zyx.IdeaProjects.MAS3.1BOATest.out.production.MAS3.1BOATest.mas2023.group4.Group4_AS_Uncertainty-C..Users.zyx.IdeaProjects.MAS3.1BOATest.out.production.MAS3.1BOATest.mas2023.group4.Group4_OM_l-C..Users.zyx.IdeaProjects.MAS3.1BOATest.out.production.MAS3.1BOATest.mas2023.group4.Group4_OMS_t@2,(Offer  bid:Bid[Food: Chips and Nuts, Drinks: Beer Only, Location: Party Room, Invitations: Custom, Printed, Music: DJ, Cleanup: Specialized Materials])
4,2,0.022099447513812154,KLH@3,(Offer  bid:Bid[Food: Catering, Drinks: Handmade Cocktails, Location: Party Room, Invitations: Plain, Music: MP3, Cleanup: Water and Soap])
5,1,0.027624309392265192,boa-C..Users.zyx.IdeaProjects.MAS3.1BOATest.out.production.MAS3.1BOATest.mas2023.group4.Group4_BS_min_k_e_max-C..Users.zyx.IdeaProjects.MAS3.1BOATest.out.production.MAS3.1BOATest.mas2023.group4.Group4_AS_Uncertainty-C..Users.zyx.IdeaProjects.MAS3.1BOATest.out.production.MAS3.1BOATest.mas2023.group4.Group4_OM_l-C..Users.zyx.IdeaProjects.MAS3.1BOATest.out.production.MAS3.1BOATest.mas2023.group4.Group4_OMS_t@2,(Offer  bid:Bid[Food: Chips and Nuts, Drinks: Beer Only, Location: Party Room, Invitations: Custom, Handmade, Music: DJ, Cleanup: Water and Soap])
5,2,0.027624309392265192,KLH@3,(Offer  bid:Bid[Food: Catering, Drinks: Handmade Cocktails, Location: Party Room, Invitations: Plain, Music: MP3, Cleanup: Water and Soap])
6,1,0.03314917127071823,boa-C..Users.zyx.IdeaProjects.MAS3.1BOATest.out.production.MAS3.1BOATest.mas2023.group4.Group4_BS_min_k_e_max-C..Users.zyx.IdeaProjects.MAS3.1BOATest.out.production.MAS3.1BOATest.mas2023.group4.Group4_AS_Uncertainty-C..Users.zyx.IdeaProjects.MAS3.1BOATest.out.production.MAS3.1BOATest.mas2023.group4.Group4_OM_l-C..Users.zyx.IdeaProjects.MAS3.1BOATest.out.production.MAS3.1BOATest.mas2023.group4.Group4_OMS_t@2,(Offer  bid:Bid[Food: Chips and Nuts, Drinks: Beer Only, Location: Party Room, Invitations: Custom, Handmade, Music: DJ, Cleanup: Water and Soap])
6,2,0.03314917127071823,KLH@3,(Offer  bid:Bid[Food: Catering, Drinks: Handmade Cocktails, Location: Party Room, Invitations: Custom, Printed, Music: MP3, Cleanup: Water and Soap])
7,1,0.03867403314917127,boa-C..Users.zyx.IdeaProjects.MAS3.1BOATest.out.production.MAS3.1BOATest.mas2023.group4.Group4_BS_min_k_e_max-C..Users.zyx.IdeaProjects.MAS3.1BOATest.out.production.MAS3.1BOATest.mas2023.group4.Group4_AS_Uncertainty-C..Users.zyx.IdeaProjects.MAS3.1BOATest.out.production.MAS3.1BOATest.mas2023.group4.Group4_OM_l-C..Users.zyx.IdeaProjects.MAS3.1BOATest.out.production.MAS3.1BOATest.mas2023.group4.Group4_OMS_t@2,(Offer  bid:Bid[Food: Chips and Nuts, Drinks: Beer Only, Location: Party Room, Invitations: Custom, Handmade, Music: DJ, Cleanup: Water and Soap])
7,2,0.03867403314917127,KLH@3,(Offer  bid:Bid[Food: Catering, Drinks: Handmade Cocktails, Location: Party Room, Invitations: Plain, Music: MP3, Cleanup: Water and Soap])
8,1,0.04419889502762431,boa-C..Users.zyx.IdeaProjects.MAS3.1BOATest.out.production.MAS3.1BOATest.mas2023.group4.Group4_BS_min_k_e_max-C..Users.zyx.IdeaProjects.MAS3.1BOATest.out.production.MAS3.1BOATest.mas2023.group4.Group4_AS_Uncertainty-C..Users.zyx.IdeaProjects.MAS3.1BOATest.out.production.MAS3.1BOATest.mas2023.group4.Group4_OM_l-C..Users.zyx.IdeaProjects.MAS3.1BOATest.out.production.MAS3.1BOATest.mas2023.group4.Group4_OMS_t@2,(Offer  bid:Bid[Food: Chips and Nuts, Drinks: Beer Only, Location: Party Room, Invitations: Custom, Handmade, Music: DJ, Cleanup: Water and Soap])
8,2,0.04419889502762431,KLH@3,(Offer  bid:Bid[Food: Catering, Drinks: Handmade Cocktails, Location: Party Room, Invitations: Custom, Printed, Music: MP3, Cleanup: Water and Soap])
9,1,0.049723756906077346,boa-C..Users.zyx.IdeaProjects.MAS3.1BOATest.out.production.MAS3.1BOATest.mas2023.group4.Group4_BS_min_k_e_max-C..Users.zyx.IdeaProjects.MAS3.1BOATest.out.production.MAS3.1BOATest.mas2023.group4.Group4_AS_Uncertainty-C..Users.zyx.IdeaProjects.MAS3.1BOATest.out.production.MAS3.1BOATest.mas2023.group4.Group4_OM_l-C..Users.zyx.IdeaProjects.MAS3.1BOATest.out.production.MAS3.1BOATest.mas2023.group4.Group4_OMS_t@2,(Offer  bid:Bid[Food: Chips and Nuts, Drinks: Beer Only, Location: Party Room, Invitations: Custom, Printed, Music: DJ, Cleanup: Water and Soap])
9,2,0.049723756906077346,KLH@3,(Offer  bid:Bid[Food: Catering, Drinks: Handmade Cocktails, Location: Party Room, Invitations: Plain, Music: MP3, Cleanup: Water and Soap])
10,1,0.055248618784530384,boa-C..Users.zyx.IdeaProjects.MAS3.1BOATest.out.production.MAS3.1BOATest.mas2023.group4.Group4_BS_min_k_e_max-C..Users.zyx.IdeaProjects.MAS3.1BOATest.out.production.MAS3.1BOATest.mas2023.group4.Group4_AS_Uncertainty-C..Users.zyx.IdeaProjects.MAS3.1BOATest.out.production.MAS3.1BOATest.mas2023.group4.Group4_OM_l-C..Users.zyx.IdeaProjects.MAS3.1BOATest.out.production.MAS3.1BOATest.mas2023.group4.Group4_OMS_t@2,(Offer  bid:Bid[Food: Chips and Nuts, Drinks: Beer Only, Location: Party Room, Invitations: Custom, Printed, Music: DJ, Cleanup: Water and Soap])
10,2,0.055248618784530384,KLH@3,(Offer  bid:Bid[Food: Catering, Drinks: Handmade Cocktails, Location: Party Room, Invitations: Plain, Music: MP3, Cleanup: Water and Soap])
11,1,0.06077348066298342,boa-C..Users.zyx.IdeaProjects.MAS3.1BOATest.out.production.MAS3.1BOATest.mas2023.group4.Group4_BS_min_k_e_max-C..Users.zyx.IdeaProjects.MAS3.1BOATest.out.production.MAS3.1BOATest.mas2023.group4.Group4_AS_Uncertainty-C..Users.zyx.IdeaProjects.MAS3.1BOATest.out.production.MAS3.1BOATest.mas2023.group4.Group4_OM_l-C..Users.zyx.IdeaProjects.MAS3.1BOATest.out.production.MAS3.1BOATest.mas2023.group4.Group4_OMS_t@2,(Offer  bid:Bid[Food: Chips and Nuts, Drinks: Beer Only, Location: Party Room, Invitations: Custom, Printed, Music: DJ, Cleanup: Water and Soap])
11,2,0.06077348066298342,KLH@3,(Offer  bid:Bid[Food: Catering, Drinks: Handmade Cocktails, Location: Party Room, Invitations: Custom, Printed, Music: MP3, Cleanup: Water and Soap])
12,1,0.06629834254143646,boa-C..Users.zyx.IdeaProjects.MAS3.1BOATest.out.production.MAS3.1BOATest.mas2023.group4.Group4_BS_min_k_e_max-C..Users.zyx.IdeaProjects.MAS3.1BOATest.out.production.MAS3.1BOATest.mas2023.group4.Group4_AS_Uncertainty-C..Users.zyx.IdeaProjects.MAS3.1BOATest.out.production.MAS3.1BOATest.mas2023.group4.Group4_OM_l-C..Users.zyx.IdeaProjects.MAS3.1BOATest.out.production.MAS3.1BOATest.mas2023.group4.Group4_OMS_t@2,(Offer  bid:Bid[Food: Chips and Nuts, Drinks: Beer Only, Location: Party Room, Invitations: Plain, Music: DJ, Cleanup: Water and Soap])
12,2,0.06629834254143646,KLH@3,(Offer  bid:Bid[Food: Catering, Drinks: Handmade Cocktails, Location: Party Room, Invitations: Plain, Music: MP3, Cleanup: Water and Soap])
13,1,0.0718232044198895,boa-C..Users.zyx.IdeaProjects.MAS3.1BOATest.out.production.MAS3.1BOATest.mas2023.group4.Group4_BS_min_k_e_max-C..Users.zyx.IdeaProjects.MAS3.1BOATest.out.production.MAS3.1BOATest.mas2023.group4.Group4_AS_Uncertainty-C..Users.zyx.IdeaProjects.MAS3.1BOATest.out.production.MAS3.1BOATest.mas2023.group4.Group4_OM_l-C..Users.zyx.IdeaProjects.MAS3.1BOATest.out.production.MAS3.1BOATest.mas2023.group4.Group4_OMS_t@2,(Offer  bid:Bid[Food: Chips and Nuts, Drinks: Beer Only, Location: Party Room, Invitations: Plain, Music: DJ, Cleanup: Water and Soap])
13,2,0.0718232044198895,KLH@3,(Offer  bid:Bid[Food: Catering, Drinks: Handmade Cocktails, Location: Party Room, Invitations: Plain, Music: MP3, Cleanup: Water and Soap])
14,1,0.07734806629834254,boa-C..Users.zyx.IdeaProjects.MAS3.1BOATest.out.production.MAS3.1BOATest.mas2023.group4.Group4_BS_min_k_e_max-C..Users.zyx.IdeaProjects.MAS3.1BOATest.out.production.MAS3.1BOATest.mas2023.group4.Group4_AS_Uncertainty-C..Users.zyx.IdeaProjects.MAS3.1BOATest.out.production.MAS3.1BOATest.mas2023.group4.Group4_OM_l-C..Users.zyx.IdeaProjects.MAS3.1BOATest.out.production.MAS3.1BOATest.mas2023.group4.Group4_OMS_t@2,(Offer  bid:Bid[Food: Chips and Nuts, Drinks: Beer Only, Location: Party Room, Invitations: Plain, Music: DJ, Cleanup: Water and Soap])
14,2,0.07734806629834254,KLH@3,(Offer  bid:Bid[Food: Catering, Drinks: Handmade Cocktails, Location: Party Room, Invitations: Plain, Music: MP3, Cleanup: Water and Soap])
15,1,0.08287292817679558,boa-C..Users.zyx.IdeaProjects.MAS3.1BOATest.out.production.MAS3.1BOATest.mas2023.group4.Group4_BS_min_k_e_max-C..Users.zyx.IdeaProjects.MAS3.1BOATest.out.production.MAS3.1BOATest.mas2023.group4.Group4_AS_Uncertainty-C..Users.zyx.IdeaProjects.MAS3.1BOATest.out.production.MAS3.1BOATest.mas2023.group4.Group4_OM_l-C..Users.zyx.IdeaProjects.MAS3.1BOATest.out.production.MAS3.1BOATest.mas2023.group4.Group4_OMS_t@2,(Offer  bid:Bid[Food: Chips and Nuts, Drinks: Beer Only, Location: Party Room, Invitations: Plain, Music: DJ, Cleanup: Water and Soap])
15,2,0.08287292817679558,KLH@3,(Offer  bid:Bid[Food: Catering, Drinks: Handmade Cocktails, Location: Party Room, Invitations: Custom, Printed, Music: MP3, Cleanup: Water and Soap])
16,1,0.08839779005524862,boa-C..Users.zyx.IdeaProjects.MAS3.1BOATest.out.production.MAS3.1BOATest.mas2023.group4.Group4_BS_min_k_e_max-C..Users.zyx.IdeaProjects.MAS3.1BOATest.out.production.MAS3.1BOATest.mas2023.group4.Group4_AS_Uncertainty-C..Users.zyx.IdeaProjects.MAS3.1BOATest.out.production.MAS3.1BOATest.mas2023.group4.Group4_OM_l-C..Users.zyx.IdeaProjects.MAS3.1BOATest.out.production.MAS3.1BOATest.mas2023.group4.Group4_OMS_t@2,(Offer  bid:Bid[Food: Chips and Nuts, Drinks: Beer Only, Location: Party Room, Invitations: Custom, Handmade, Music: MP3, Cleanup: Water and Soap])
16,2,0.08839779005524862,KLH@3,(Offer  bid:Bid[Food: Catering, Drinks: Handmade Cocktails, Location: Party Room, Invitations: Plain, Music: MP3, Cleanup: Water and Soap])
17,1,0.09392265193370165,boa-C..Users.zyx.IdeaProjects.MAS3.1BOATest.out.production.MAS3.1BOATest.mas2023.group4.Group4_BS_min_k_e_max-C..Users.zyx.IdeaProjects.MAS3.1BOATest.out.production.MAS3.1BOATest.mas2023.group4.Group4_AS_Uncertainty-C..Users.zyx.IdeaProjects.MAS3.1BOATest.out.production.MAS3.1BOATest.mas2023.group4.Group4_OM_l-C..Users.zyx.IdeaProjects.MAS3.1BOATest.out.production.MAS3.1BOATest.mas2023.group4.Group4_OMS_t@2,(Offer  bid:Bid[Food: Chips and Nuts, Drinks: Beer Only, Location: Party Room, Invitations: Custom, Handmade, Music: MP3, Cleanup: Water and Soap])
17,2,0.09392265193370165,KLH@3,(Offer  bid:Bid[Food: Catering, Drinks: Handmade Cocktails, Location: Party Room, Invitations: Plain, Music: MP3, Cleanup: Water and Soap])
18,1,0.09944751381215469,boa-C..Users.zyx.IdeaProjects.MAS3.1BOATest.out.production.MAS3.1BOATest.mas2023.group4.Group4_BS_min_k_e_max-C..Users.zyx.IdeaProjects.MAS3.1BOATest.out.production.MAS3.1BOATest.mas2023.group4.Group4_AS_Uncertainty-C..Users.zyx.IdeaProjects.MAS3.1BOATest.out.production.MAS3.1BOATest.mas2023.group4.Group4_OM_l-C..Users.zyx.IdeaProjects.MAS3.1BOATest.out.production.MAS3.1BOATest.mas2023.group4.Group4_OMS_t@2,(Offer  bid:Bid[Food: Chips and Nuts, Drinks: Beer Only, Location: Party Room, Invitations: Custom, Handmade, Music: MP3, Cleanup: Water and Soap])
18,2,0.09944751381215469,KLH@3,(Offer  bid:Bid[Food: Catering, Drinks: Handmade Cocktails, Location: Party Room, Invitations: Plain, Music: MP3, Cleanup: Water and Soap])
19,1,0.10497237569060773,boa-C..Users.zyx.IdeaProjects.MAS3.1BOATest.out.production.MAS3.1BOATest.mas2023.group4.Group4_BS_min_k_e_max-C..Users.zyx.IdeaProjects.MAS3.1BOATest.out.production.MAS3.1BOATest.mas2023.group4.Group4_AS_Uncertainty-C..Users.zyx.IdeaProjects.MAS3.1BOATest.out.production.MAS3.1BOATest.mas2023.group4.Group4_OM_l-C..Users.zyx.IdeaProjects.MAS3.1BOATest.out.production.MAS3.1BOATest.mas2023.group4.Group4_OMS_t@2,(Offer  bid:Bid[Food: Chips and Nuts, Drinks: Beer Only, Location: Party Room, Invitations: Custom, Handmade, Music: MP3, Cleanup: Water and Soap])
19,2,0.10497237569060773,KLH@3,(Offer  bid:Bid[Food: Catering, Drinks: Handmade Cocktails, Location: Party Room, Invitations: Plain, Music: MP3, Cleanup: Water and Soap])
20,1,0.11049723756906077,boa-C..Users.zyx.IdeaProjects.MAS3.1BOATest.out.production.MAS3.1BOATest.mas2023.group4.Group4_BS_min_k_e_max-C..Users.zyx.IdeaProjects.MAS3.1BOATest.out.production.MAS3.1BOATest.mas2023.group4.Group4_AS_Uncertainty-C..Users.zyx.IdeaProjects.MAS3.1BOATest.out.production.MAS3.1BOATest.mas2023.group4.Group4_OM_l-C..Users.zyx.IdeaProjects.MAS3.1BOATest.out.production.MAS3.1BOATest.mas2023.group4.Group4_OMS_t@2,(Offer  bid:Bid[Food: Chips and Nuts, Drinks: Beer Only, Location: Party Room, Invitations: Photo, Music: MP3, Cleanup: Water and Soap])
20,2,0.11049723756906077,KLH@3,(Offer  bid:Bid[Food: Catering, Drinks: Handmade Cocktails, Location: Party Room, Invitations: Plain, Music: MP3, Cleanup: Water and Soap])
21,1,0.11602209944751381,boa-C..Users.zyx.IdeaProjects.MAS3.1BOATest.out.production.MAS3.1BOATest.mas2023.group4.Group4_BS_min_k_e_max-C..Users.zyx.IdeaProjects.MAS3.1BOATest.out.production.MAS3.1BOATest.mas2023.group4.Group4_AS_Uncertainty-C..Users.zyx.IdeaProjects.MAS3.1BOATest.out.production.MAS3.1BOATest.mas2023.group4.Group4_OM_l-C..Users.zyx.IdeaProjects.MAS3.1BOATest.out.production.MAS3.1BOATest.mas2023.group4.Group4_OMS_t@2,(Offer  bid:Bid[Food: Chips and Nuts, Drinks: Beer Only, Location: Party Room, Invitations: Custom, Printed, Music: MP3, Cleanup: Water and Soap])
21,2,0.11602209944751381,KLH@3,(Offer  bid:Bid[Food: Catering, Drinks: Handmade Cocktails, Location: Party Room, Invitations: Custom, Printed, Music: MP3, Cleanup: Water and Soap])
22,1,0.12154696132596685,boa-C..Users.zyx.IdeaProjects.MAS3.1BOATest.out.production.MAS3.1BOATest.mas2023.group4.Group4_BS_min_k_e_max-C..Users.zyx.IdeaProjects.MAS3.1BOATest.out.production.MAS3.1BOATest.mas2023.group4.Group4_AS_Uncertainty-C..Users.zyx.IdeaProjects.MAS3.1BOATest.out.production.MAS3.1BOATest.mas2023.group4.Group4_OM_l-C..Users.zyx.IdeaProjects.MAS3.1BOATest.out.production.MAS3.1BOATest.mas2023.group4.Group4_OMS_t@2,(Offer  bid:Bid[Food: Chips and Nuts, Drinks: Beer Only, Location: Party Room, Invitations: Custom, Printed, Music: MP3, Cleanup: Water and Soap])
22,2,0.12154696132596685,KLH@3,(Offer  bid:Bid[Food: Catering, Drinks: Handmade Cocktails, Location: Party Room, Invitations: Plain, Music: MP3, Cleanup: Water and Soap])
23,1,0.1270718232044199,boa-C..Users.zyx.IdeaProjects.MAS3.1BOATest.out.production.MAS3.1BOATest.mas2023.group4.Group4_BS_min_k_e_max-C..Users.zyx.IdeaProjects.MAS3.1BOATest.out.production.MAS3.1BOATest.mas2023.group4.Group4_AS_Uncertainty-C..Users.zyx.IdeaProjects.MAS3.1BOATest.out.production.MAS3.1BOATest.mas2023.group4.Group4_OM_l-C..Users.zyx.IdeaProjects.MAS3.1BOATest.out.production.MAS3.1BOATest.mas2023.group4.Group4_OMS_t@2,(Offer  bid:Bid[Food: Chips and Nuts, Drinks: Beer Only, Location: Party Room, Invitations: Plain, Music: MP3, Cleanup: Water and Soap])
23,2,0.1270718232044199,KLH@3,(Offer  bid:Bid[Food: Catering, Drinks: Handmade Cocktails, Location: Party Room, Invitations: Custom, Printed, Music: MP3, Cleanup: Water and Soap])
24,1,0.13259668508287292,boa-C..Users.zyx.IdeaProjects.MAS3.1BOATest.out.production.MAS3.1BOATest.mas2023.group4.Group4_BS_min_k_e_max-C..Users.zyx.IdeaProjects.MAS3.1BOATest.out.production.MAS3.1BOATest.mas2023.group4.Group4_AS_Uncertainty-C..Users.zyx.IdeaProjects.MAS3.1BOATest.out.production.MAS3.1BOATest.mas2023.group4.Group4_OM_l-C..Users.zyx.IdeaProjects.MAS3.1BOATest.out.production.MAS3.1BOATest.mas2023.group4.Group4_OMS_t@2,(Offer  bid:Bid[Food: Chips and Nuts, Drinks: Beer Only, Location: Party Room, Invitations: Plain, Music: MP3, Cleanup: Water and Soap])
24,2,0.13259668508287292,KLH@3,(Offer  bid:Bid[Food: Catering, Drinks: Handmade Cocktails, Location: Party Room, Invitations: Plain, Music: MP3, Cleanup: Water and Soap])
25,1,0.13812154696132597,boa-C..Users.zyx.IdeaProjects.MAS3.1BOATest.out.production.MAS3.1BOATest.mas2023.group4.Group4_BS_min_k_e_max-C..Users.zyx.IdeaProjects.MAS3.1BOATest.out.production.MAS3.1BOATest.mas2023.group4.Group4_AS_Uncertainty-C..Users.zyx.IdeaProjects.MAS3.1BOATest.out.production.MAS3.1BOATest.mas2023.group4.Group4_OM_l-C..Users.zyx.IdeaProjects.MAS3.1BOATest.out.production.MAS3.1BOATest.mas2023.group4.Group4_OMS_t@2,(Offer  bid:Bid[Food: Chips and Nuts, Drinks: Beer Only, Location: Party Room, Invitations: Plain, Music: MP3, Cleanup: Water and Soap])
25,2,0.13812154696132597,KLH@3,(Offer  bid:Bid[Food: Catering, Drinks: Handmade Cocktails, Location: Party Room, Invitations: Plain, Music: MP3, Cleanup: Water and Soap])
26,1,0.143646408839779,boa-C..Users.zyx.IdeaProjects.MAS3.1BOATest.out.production.MAS3.1BOATest.mas2023.group4.Group4_BS_min_k_e_max-C..Users.zyx.IdeaProjects.MAS3.1BOATest.out.production.MAS3.1BOATest.mas2023.group4.Group4_AS_Uncertainty-C..Users.zyx.IdeaProjects.MAS3.1BOATest.out.production.MAS3.1BOATest.mas2023.group4.Group4_OM_l-C..Users.zyx.IdeaProjects.MAS3.1BOATest.out.production.MAS3.1BOATest.mas2023.group4.Group4_OMS_t@2,(Offer  bid:Bid[Food: Chips and Nuts, Drinks: Beer Only, Location: Party Room, Invitations: Plain, Music: MP3, Cleanup: Water and Soap])
26,2,0.143646408839779,KLH@3,(Offer  bid:Bid[Food: Catering, Drinks: Handmade Cocktails, Location: Party Room, Invitations: Plain, Music: MP3, Cleanup: Water and Soap])
27,1,0.14917127071823205,boa-C..Users.zyx.IdeaProjects.MAS3.1BOATest.out.production.MAS3.1BOATest.mas2023.group4.Group4_BS_min_k_e_max-C..Users.zyx.IdeaProjects.MAS3.1BOATest.out.production.MAS3.1BOATest.mas2023.group4.Group4_AS_Uncertainty-C..Users.zyx.IdeaProjects.MAS3.1BOATest.out.production.MAS3.1BOATest.mas2023.group4.Group4_OM_l-C..Users.zyx.IdeaProjects.MAS3.1BOATest.out.production.MAS3.1BOATest.mas2023.group4.Group4_OMS_t@2,(Offer  bid:Bid[Food: Chips and Nuts, Drinks: Handmade Cocktails, Location: Party Room, Invitations: Custom, Printed, Music: DJ, Cleanup: Water and Soap])
27,2,0.14917127071823205,KLH@3,(Offer  bid:Bid[Food: Catering, Drinks: Handmade Cocktails, Location: Party Room, Invitations: Plain, Music: MP3, Cleanup: Water and Soap])
28,1,0.15469613259668508,boa-C..Users.zyx.IdeaProjects.MAS3.1BOATest.out.production.MAS3.1BOATest.mas2023.group4.Group4_BS_min_k_e_max-C..Users.zyx.IdeaProjects.MAS3.1BOATest.out.production.MAS3.1BOATest.mas2023.group4.Group4_AS_Uncertainty-C..Users.zyx.IdeaProjects.MAS3.1BOATest.out.production.MAS3.1BOATest.mas2023.group4.Group4_OM_l-C..Users.zyx.IdeaProjects.MAS3.1BOATest.out.production.MAS3.1BOATest.mas2023.group4.Group4_OMS_t@2,(Offer  bid:Bid[Food: Chips and Nuts, Drinks: Handmade Cocktails, Location: Party Room, Invitations: Custom, Printed, Music: DJ, Cleanup: Water and Soap])
28,2,0.15469613259668508,KLH@3,(Offer  bid:Bid[Food: Catering, Drinks: Handmade Cocktails, Location: Party Room, Invitations: Plain, Music: MP3, Cleanup: Water and Soap])
29,1,0.16022099447513813,boa-C..Users.zyx.IdeaProjects.MAS3.1BOATest.out.production.MAS3.1BOATest.mas2023.group4.Group4_BS_min_k_e_max-C..Users.zyx.IdeaProjects.MAS3.1BOATest.out.production.MAS3.1BOATest.mas2023.group4.Group4_AS_Uncertainty-C..Users.zyx.IdeaProjects.MAS3.1BOATest.out.production.MAS3.1BOATest.mas2023.group4.Group4_OM_l-C..Users.zyx.IdeaProjects.MAS3.1BOATest.out.production.MAS3.1BOATest.mas2023.group4.Group4_OMS_t@2,(Offer  bid:Bid[Food: Chips and Nuts, Drinks: Handmade Cocktails, Location: Party Room, Invitations: Plain, Music: DJ, Cleanup: Water and Soap])
29,2,0.16022099447513813,KLH@3,(Offer  bid:Bid[Food: Catering, Drinks: Handmade Cocktails, Location: Party Room, Invitations: Plain, Music: MP3, Cleanup: Water and Soap])
30,1,0.16574585635359115,boa-C..Users.zyx.IdeaProjects.MAS3.1BOATest.out.production.MAS3.1BOATest.mas2023.group4.Group4_BS_min_k_e_max-C..Users.zyx.IdeaProjects.MAS3.1BOATest.out.production.MAS3.1BOATest.mas2023.group4.Group4_AS_Uncertainty-C..Users.zyx.IdeaProjects.MAS3.1BOATest.out.production.MAS3.1BOATest.mas2023.group4.Group4_OM_l-C..Users.zyx.IdeaProjects.MAS3.1BOATest.out.production.MAS3.1BOATest.mas2023.group4.Group4_OMS_t@2,(Offer  bid:Bid[Food: Chips and Nuts, Drinks: Handmade Cocktails, Location: Party Room, Invitations: Plain, Music: DJ, Cleanup: Water and Soap])
30,2,0.16574585635359115,KLH@3,(Offer  bid:Bid[Food: Catering, Drinks: Handmade Cocktails, Location: Party Room, Invitations: Plain, Music: MP3, Cleanup: Water and Soap])
31,1,0.1712707182320442,boa-C..Users.zyx.IdeaProjects.MAS3.1BOATest.out.production.MAS3.1BOATest.mas2023.group4.Group4_BS_min_k_e_max-C..Users.zyx.IdeaProjects.MAS3.1BOATest.out.production.MAS3.1BOATest.mas2023.group4.Group4_AS_Uncertainty-C..Users.zyx.IdeaProjects.MAS3.1BOATest.out.production.MAS3.1BOATest.mas2023.group4.Group4_OM_l-C..Users.zyx.IdeaProjects.MAS3.1BOATest.out.production.MAS3.1BOATest.mas2023.group4.Group4_OMS_t@2,(Offer  bid:Bid[Food: Chips and Nuts, Drinks: Handmade Cocktails, Location: Party Room, Invitations: Plain, Music: DJ, Cleanup: Water and Soap])
31,2,0.1712707182320442,KLH@3,(Offer  bid:Bid[Food: Catering, Drinks: Handmade Cocktails, Location: Party Room, Invitations: Plain, Music: MP3, Cleanup: Water and Soap])
32,1,0.17679558011049723,boa-C..Users.zyx.IdeaProjects.MAS3.1BOATest.out.production.MAS3.1BOATest.mas2023.group4.Group4_BS_min_k_e_max-C..Users.zyx.IdeaProjects.MAS3.1BOATest.out.production.MAS3.1BOATest.mas2023.group4.Group4_AS_Uncertainty-C..Users.zyx.IdeaProjects.MAS3.1BOATest.out.production.MAS3.1BOATest.mas2023.group4.Group4_OM_l-C..Users.zyx.IdeaProjects.MAS3.1BOATest.out.production.MAS3.1BOATest.mas2023.group4.Group4_OMS_t@2,(Offer  bid:Bid[Food: Chips and Nuts, Drinks: Handmade Cocktails, Location: Party Room, Invitations: Plain, Music: DJ, Cleanup: Water and Soap])
32,2,0.17679558011049723,KLH@3,(Offer  bid:Bid[Food: Catering, Drinks: Handmade Cocktails, Location: Party Room, Invitations: Custom, Printed, Music: MP3, Cleanup: Water and Soap])
33,1,0.18232044198895028,boa-C..Users.zyx.IdeaProjects.MAS3.1BOATest.out.production.MAS3.1BOATest.mas2023.group4.Group4_BS_min_k_e_max-C..Users.zyx.IdeaProjects.MAS3.1BOATest.out.production.MAS3.1BOATest.mas2023.group4.Group4_AS_Uncertainty-C..Users.zyx.IdeaProjects.MAS3.1BOATest.out.production.MAS3.1BOATest.mas2023.group4.Group4_OM_l-C..Users.zyx.IdeaProjects.MAS3.1BOATest.out.production.MAS3.1BOATest.mas2023.group4.Group4_OMS_t@2,(Offer  bid:Bid[Food: Chips and Nuts, Drinks: Handmade Cocktails, Location: Party Room, Invitations: Custom, Handmade, Music: MP3, Cleanup: Water and Soap])
33,2,0.18232044198895028,KLH@3,(Offer  bid:Bid[Food: Catering, Drinks: Handmade Cocktails, Location: Party Room, Invitations: Plain, Music: MP3, Cleanup: Water and Soap])
34,1,0.1878453038674033,boa-C..Users.zyx.IdeaProjects.MAS3.1BOATest.out.production.MAS3.1BOATest.mas2023.group4.Group4_BS_min_k_e_max-C..Users.zyx.IdeaProjects.MAS3.1BOATest.out.production.MAS3.1BOATest.mas2023.group4.Group4_AS_Uncertainty-C..Users.zyx.IdeaProjects.MAS3.1BOATest.out.production.MAS3.1BOATest.mas2023.group4.Group4_OM_l-C..Users.zyx.IdeaProjects.MAS3.1BOATest.out.production.MAS3.1BOATest.mas2023.group4.Group4_OMS_t@2,(Offer  bid:Bid[Food: Chips and Nuts, Drinks: Handmade Cocktails, Location: Party Room, Invitations: Custom, Handmade, Music: MP3, Cleanup: Water and Soap])
34,2,0.1878453038674033,KLH@3,(Offer  bid:Bid[Food: Catering, Drinks: Handmade Cocktails, Location: Party Room, Invitations: Custom, Printed, Music: MP3, Cleanup: Water and Soap])
35,1,0.19337016574585636,boa-C..Users.zyx.IdeaProjects.MAS3.1BOATest.out.production.MAS3.1BOATest.mas2023.group4.Group4_BS_min_k_e_max-C..Users.zyx.IdeaProjects.MAS3.1BOATest.out.production.MAS3.1BOATest.mas2023.group4.Group4_AS_Uncertainty-C..Users.zyx.IdeaProjects.MAS3.1BOATest.out.production.MAS3.1BOATest.mas2023.group4.Group4_OM_l-C..Users.zyx.IdeaProjects.MAS3.1BOATest.out.production.MAS3.1BOATest.mas2023.group4.Group4_OMS_t@2,(Offer  bid:Bid[Food: Chips and Nuts, Drinks: Handmade Cocktails, Location: Party Room, Invitations: Custom, Handmade, Music: MP3, Cleanup: Water and Soap])
35,2,0.19337016574585636,KLH@3,(Offer  bid:Bid[Food: Catering, Drinks: Handmade Cocktails, Location: Party Room, Invitations: Plain, Music: MP3, Cleanup: Water and Soap])
36,1,0.19889502762430938,boa-C..Users.zyx.IdeaProjects.MAS3.1BOATest.out.production.MAS3.1BOATest.mas2023.group4.Group4_BS_min_k_e_max-C..Users.zyx.IdeaProjects.MAS3.1BOATest.out.production.MAS3.1BOATest.mas2023.group4.Group4_AS_Uncertainty-C..Users.zyx.IdeaProjects.MAS3.1BOATest.out.production.MAS3.1BOATest.mas2023.group4.Group4_OM_l-C..Users.zyx.IdeaProjects.MAS3.1BOATest.out.production.MAS3.1BOATest.mas2023.group4.Group4_OMS_t@2,(Offer  bid:Bid[Food: Chips and Nuts, Drinks: Handmade Cocktails, Location: Party Room, Invitations: Custom, Handmade, Music: MP3, Cleanup: Water and Soap])
36,2,0.19889502762430938,KLH@3,(Offer  bid:Bid[Food: Catering, Drinks: Handmade Cocktails, Location: Party Room, Invitations: Plain, Music: MP3, Cleanup: Water and Soap])
37,1,0.20441988950276244,boa-C..Users.zyx.IdeaProjects.MAS3.1BOATest.out.production.MAS3.1BOATest.mas2023.group4.Group4_BS_min_k_e_max-C..Users.zyx.IdeaProjects.MAS3.1BOATest.out.production.MAS3.1BOATest.mas2023.group4.Group4_AS_Uncertainty-C..Users.zyx.IdeaProjects.MAS3.1BOATest.out.production.MAS3.1BOATest.mas2023.group4.Group4_OM_l-C..Users.zyx.IdeaProjects.MAS3.1BOATest.out.production.MAS3.1BOATest.mas2023.group4.Group4_OMS_t@2,(Offer  bid:Bid[Food: Chips and Nuts, Drinks: Handmade Cocktails, Location: Party Room, Invitations: Photo, Music: MP3, Cleanup: Water and Soap])
37,2,0.20441988950276244,KLH@3,(Offer  bid:Bid[Food: Catering, Drinks: Handmade Cocktails, Location: Party Room, Invitations: Plain, Music: MP3, Cleanup: Water and Soap])
38,1,0.20994475138121546,boa-C..Users.zyx.IdeaProjects.MAS3.1BOATest.out.production.MAS3.1BOATest.mas2023.group4.Group4_BS_min_k_e_max-C..Users.zyx.IdeaProjects.MAS3.1BOATest.out.production.MAS3.1BOATest.mas2023.group4.Group4_AS_Uncertainty-C..Users.zyx.IdeaProjects.MAS3.1BOATest.out.production.MAS3.1BOATest.mas2023.group4.Group4_OM_l-C..Users.zyx.IdeaProjects.MAS3.1BOATest.out.production.MAS3.1BOATest.mas2023.group4.Group4_OMS_t@2,(Offer  bid:Bid[Food: Chips and Nuts, Drinks: Handmade Cocktails, Location: Party Room, Invitations: Custom, Printed, Music: MP3, Cleanup: Water and Soap])
38,2,0.20994475138121546,KLH@3,(Offer  bid:Bid[Food: Catering, Drinks: Handmade Cocktails, Location: Party Room, Invitations: Custom, Printed, Music: MP3, Cleanup: Water and Soap])
39,1,0.2154696132596685,boa-C..Users.zyx.IdeaProjects.MAS3.1BOATest.out.production.MAS3.1BOATest.mas2023.group4.Group4_BS_min_k_e_max-C..Users.zyx.IdeaProjects.MAS3.1BOATest.out.production.MAS3.1BOATest.mas2023.group4.Group4_AS_Uncertainty-C..Users.zyx.IdeaProjects.MAS3.1BOATest.out.production.MAS3.1BOATest.mas2023.group4.Group4_OM_l-C..Users.zyx.IdeaProjects.MAS3.1BOATest.out.production.MAS3.1BOATest.mas2023.group4.Group4_OMS_t@2,(Offer  bid:Bid[Food: Chips and Nuts, Drinks: Handmade Cocktails, Location: Party Room, Invitations: Custom, Printed, Music: MP3, Cleanup: Water and Soap])
39,2,0.2154696132596685,KLH@3,(Offer  bid:Bid[Food: Catering, Drinks: Handmade Cocktails, Location: Party Room, Invitations: Plain, Music: MP3, Cleanup: Water and Soap])
40,1,0.22099447513812154,boa-C..Users.zyx.IdeaProjects.MAS3.1BOATest.out.production.MAS3.1BOATest.mas2023.group4.Group4_BS_min_k_e_max-C..Users.zyx.IdeaProjects.MAS3.1BOATest.out.production.MAS3.1BOATest.mas2023.group4.Group4_AS_Uncertainty-C..Users.zyx.IdeaProjects.MAS3.1BOATest.out.production.MAS3.1BOATest.mas2023.group4.Group4_OM_l-C..Users.zyx.IdeaProjects.MAS3.1BOATest.out.production.MAS3.1BOATest.mas2023.group4.Group4_OMS_t@2,(Offer  bid:Bid[Food: Chips and Nuts, Drinks: Handmade Cocktails, Location: Party Room, Invitations: Plain, Music: MP3, Cleanup: Water and Soap])
40,2,0.22099447513812154,KLH@3,(Offer  bid:Bid[Food: Catering, Drinks: Handmade Cocktails, Location: Party Room, Invitations: Plain, Music: MP3, Cleanup: Water and Soap])
41,1,0.2265193370165746,boa-C..Users.zyx.IdeaProjects.MAS3.1BOATest.out.production.MAS3.1BOATest.mas2023.group4.Group4_BS_min_k_e_max-C..Users.zyx.IdeaProjects.MAS3.1BOATest.out.production.MAS3.1BOATest.mas2023.group4.Group4_AS_Uncertainty-C..Users.zyx.IdeaProjects.MAS3.1BOATest.out.production.MAS3.1BOATest.mas2023.group4.Group4_OM_l-C..Users.zyx.IdeaProjects.MAS3.1BOATest.out.production.MAS3.1BOATest.mas2023.group4.Group4_OMS_t@2,(Offer  bid:Bid[Food: Chips and Nuts, Drinks: Handmade Cocktails, Location: Party Room, Invitations: Plain, Music: MP3, Cleanup: Water and Soap])
41,2,0.2265193370165746,KLH@3,(Offer  bid:Bid[Food: Catering, Drinks: Handmade Cocktails, Location: Party Room, Invitations: Plain, Music: MP3, Cleanup: Water and Soap])
42,1,0.23204419889502761,boa-C..Users.zyx.IdeaProjects.MAS3.1BOATest.out.production.MAS3.1BOATest.mas2023.group4.Group4_BS_min_k_e_max-C..Users.zyx.IdeaProjects.MAS3.1BOATest.out.production.MAS3.1BOATest.mas2023.group4.Group4_AS_Uncertainty-C..Users.zyx.IdeaProjects.MAS3.1BOATest.out.production.MAS3.1BOATest.mas2023.group4.Group4_OM_l-C..Users.zyx.IdeaProjects.MAS3.1BOATest.out.production.MAS3.1BOATest.mas2023.group4.Group4_OMS_t@2,(Offer  bid:Bid[Food: Chips and Nuts, Drinks: Handmade Cocktails, Location: Party Room, Invitations: Plain, Music: MP3, Cleanup: Water and Soap])
42,2,0.23204419889502761,KLH@3,(Offer  bid:Bid[Food: Catering, Drinks: Handmade Cocktails, Location: Party Room, Invitations: Plain, Music: MP3, Cleanup: Water and Soap])
43,1,0.23756906077348067,boa-C..Users.zyx.IdeaProjects.MAS3.1BOATest.out.production.MAS3.1BOATest.mas2023.group4.Group4_BS_min_k_e_max-C..Users.zyx.IdeaProjects.MAS3.1BOATest.out.production.MAS3.1BOATest.mas2023.group4.Group4_AS_Uncertainty-C..Users.zyx.IdeaProjects.MAS3.1BOATest.out.production.MAS3.1BOATest.mas2023.group4.Group4_OM_l-C..Users.zyx.IdeaProjects.MAS3.1BOATest.out.production.MAS3.1BOATest.mas2023.group4.Group4_OMS_t@2,(Offer  bid:Bid[Food: Chips and Nuts, Drinks: Handmade Cocktails, Location: Party Room, Invitations: Plain, Music: MP3, Cleanup: Water and Soap])
43,2,0.23756906077348067,KLH@3,(Offer  bid:Bid[Food: Catering, Drinks: Handmade Cocktails, Location: Party Room, Invitations: Plain, Music: MP3, Cleanup: Water and Soap])
44,1,0.2430939226519337,boa-C..Users.zyx.IdeaProjects.MAS3.1BOATest.out.production.MAS3.1BOATest.mas2023.group4.Group4_BS_min_k_e_max-C..Users.zyx.IdeaProjects.MAS3.1BOATest.out.production.MAS3.1BOATest.mas2023.group4.Group4_AS_Uncertainty-C..Users.zyx.IdeaProjects.MAS3.1BOATest.out.production.MAS3.1BOATest.mas2023.group4.Group4_OM_l-C..Users.zyx.IdeaProjects.MAS3.1BOATest.out.production.MAS3.1BOATest.mas2023.group4.Group4_OMS_t@2,(Offer  bid:Bid[Food: Catering, Drinks: Beer Only, Location: Party Room, Invitations: Custom, Printed, Music: MP3, Cleanup: Water and Soap])
44,2,0.2430939226519337,KLH@3,(Offer  bid:Bid[Food: Catering, Drinks: Handmade Cocktails, Location: Party Room, Invitations: Plain, Music: MP3, Cleanup: Water and Soap])
45,1,0.24861878453038674,boa-C..Users.zyx.IdeaProjects.MAS3.1BOATest.out.production.MAS3.1BOATest.mas2023.group4.Group4_BS_min_k_e_max-C..Users.zyx.IdeaProjects.MAS3.1BOATest.out.production.MAS3.1BOATest.mas2023.group4.Group4_AS_Uncertainty-C..Users.zyx.IdeaProjects.MAS3.1BOATest.out.production.MAS3.1BOATest.mas2023.group4.Group4_OM_l-C..Users.zyx.IdeaProjects.MAS3.1BOATest.out.production.MAS3.1BOATest.mas2023.group4.Group4_OMS_t@2,(Offer  bid:Bid[Food: Catering, Drinks: Beer Only, Location: Party Room, Invitations: Custom, Printed, Music: MP3, Cleanup: Water and Soap])
45,2,0.24861878453038674,KLH@3,(Offer  bid:Bid[Food: Catering, Drinks: Handmade Cocktails, Location: Party Room, Invitations: Plain, Music: MP3, Cleanup: Water and Soap])
46,1,0.2541436464088398,boa-C..Users.zyx.IdeaProjects.MAS3.1BOATest.out.production.MAS3.1BOATest.mas2023.group4.Group4_BS_min_k_e_max-C..Users.zyx.IdeaProjects.MAS3.1BOATest.out.production.MAS3.1BOATest.mas2023.group4.Group4_AS_Uncertainty-C..Users.zyx.IdeaProjects.MAS3.1BOATest.out.production.MAS3.1BOATest.mas2023.group4.Group4_OM_l-C..Users.zyx.IdeaProjects.MAS3.1BOATest.out.production.MAS3.1BOATest.mas2023.group4.Group4_OMS_t@2,(Offer  bid:Bid[Food: Catering, Drinks: Beer Only, Location: Party Room, Invitations: Plain, Music: MP3, Cleanup: Water and Soap])
46,2,0.2541436464088398,KLH@3,(Offer  bid:Bid[Food: Catering, Drinks: Handmade Cocktails, Location: Party Room, Invitations: Plain, Music: MP3, Cleanup: Water and Soap])
47,1,0.2596685082872928,boa-C..Users.zyx.IdeaProjects.MAS3.1BOATest.out.production.MAS3.1BOATest.mas2023.group4.Group4_BS_min_k_e_max-C..Users.zyx.IdeaProjects.MAS3.1BOATest.out.production.MAS3.1BOATest.mas2023.group4.Group4_AS_Uncertainty-C..Users.zyx.IdeaProjects.MAS3.1BOATest.out.production.MAS3.1BOATest.mas2023.group4.Group4_OM_l-C..Users.zyx.IdeaProjects.MAS3.1BOATest.out.production.MAS3.1BOATest.mas2023.group4.Group4_OMS_t@2,(Offer  bid:Bid[Food: Catering, Drinks: Beer Only, Location: Party Room, Invitations: Plain, Music: MP3, Cleanup: Water and Soap])
47,2,0.2596685082872928,KLH@3,(Offer  bid:Bid[Food: Catering, Drinks: Handmade Cocktails, Location: Party Room, Invitations: Plain, Music: MP3, Cleanup: Water and Soap])
48,1,0.26519337016574585,boa-C..Users.zyx.IdeaProjects.MAS3.1BOATest.out.production.MAS3.1BOATest.mas2023.group4.Group4_BS_min_k_e_max-C..Users.zyx.IdeaProjects.MAS3.1BOATest.out.production.MAS3.1BOATest.mas2023.group4.Group4_AS_Uncertainty-C..Users.zyx.IdeaProjects.MAS3.1BOATest.out.production.MAS3.1BOATest.mas2023.group4.Group4_OM_l-C..Users.zyx.IdeaProjects.MAS3.1BOATest.out.production.MAS3.1BOATest.mas2023.group4.Group4_OMS_t@2,(Offer  bid:Bid[Food: Catering, Drinks: Beer Only, Location: Party Room, Invitations: Plain, Music: MP3, Cleanup: Water and Soap])
48,2,0.26519337016574585,KLH@3,(Offer  bid:Bid[Food: Catering, Drinks: Handmade Cocktails, Location: Party Room, Invitations: Custom, Printed, Music: MP3, Cleanup: Water and Soap])
49,1,0.27071823204419887,boa-C..Users.zyx.IdeaProjects.MAS3.1BOATest.out.production.MAS3.1BOATest.mas2023.group4.Group4_BS_min_k_e_max-C..Users.zyx.IdeaProjects.MAS3.1BOATest.out.production.MAS3.1BOATest.mas2023.group4.Group4_AS_Uncertainty-C..Users.zyx.IdeaProjects.MAS3.1BOATest.out.production.MAS3.1BOATest.mas2023.group4.Group4_OM_l-C..Users.zyx.IdeaProjects.MAS3.1BOATest.out.production.MAS3.1BOATest.mas2023.group4.Group4_OMS_t@2,(Offer  bid:Bid[Food: Catering, Drinks: Beer Only, Location: Party Room, Invitations: Plain, Music: MP3, Cleanup: Water and Soap])
49,2,0.27071823204419887,KLH@3,(Offer  bid:Bid[Food: Catering, Drinks: Handmade Cocktails, Location: Party Room, Invitations: Plain, Music: MP3, Cleanup: Water and Soap])
50,1,0.27624309392265195,boa-C..Users.zyx.IdeaProjects.MAS3.1BOATest.out.production.MAS3.1BOATest.mas2023.group4.Group4_BS_min_k_e_max-C..Users.zyx.IdeaProjects.MAS3.1BOATest.out.production.MAS3.1BOATest.mas2023.group4.Group4_AS_Uncertainty-C..Users.zyx.IdeaProjects.MAS3.1BOATest.out.production.MAS3.1BOATest.mas2023.group4.Group4_OM_l-C..Users.zyx.IdeaProjects.MAS3.1BOATest.out.production.MAS3.1BOATest.mas2023.group4.Group4_OMS_t@2,(Offer  bid:Bid[Food: Catering, Drinks: Handmade Cocktails, Location: Party Room, Invitations: Custom, Printed, Music: DJ, Cleanup: Water and Soap])
50,2,0.27624309392265195,KLH@3,(Offer  bid:Bid[Food: Catering, Drinks: Handmade Cocktails, Location: Party Room, Invitations: Plain, Music: MP3, Cleanup: Water and Soap])
51,1,0.281767955801105,boa-C..Users.zyx.IdeaProjects.MAS3.1BOATest.out.production.MAS3.1BOATest.mas2023.group4.Group4_BS_min_k_e_max-C..Users.zyx.IdeaProjects.MAS3.1BOATest.out.production.MAS3.1BOATest.mas2023.group4.Group4_AS_Uncertainty-C..Users.zyx.IdeaProjects.MAS3.1BOATest.out.production.MAS3.1BOATest.mas2023.group4.Group4_OM_l-C..Users.zyx.IdeaProjects.MAS3.1BOATest.out.production.MAS3.1BOATest.mas2023.group4.Group4_OMS_t@2,(Offer  bid:Bid[Food: Catering, Drinks: Handmade Cocktails, Location: Party Room, Invitations: Custom, Printed, Music: DJ, Cleanup: Water and Soap])
51,2,0.281767955801105,KLH@3,(Offer  bid:Bid[Food: Catering, Drinks: Handmade Cocktails, Location: Party Room, Invitations: Plain, Music: MP3, Cleanup: Water and Soap])
52,1,0.287292817679558,boa-C..Users.zyx.IdeaProjects.MAS3.1BOATest.out.production.MAS3.1BOATest.mas2023.group4.Group4_BS_min_k_e_max-C..Users.zyx.IdeaProjects.MAS3.1BOATest.out.production.MAS3.1BOATest.mas2023.group4.Group4_AS_Uncertainty-C..Users.zyx.IdeaProjects.MAS3.1BOATest.out.production.MAS3.1BOATest.mas2023.group4.Group4_OM_l-C..Users.zyx.IdeaProjects.MAS3.1BOATest.out.production.MAS3.1BOATest.mas2023.group4.Group4_OMS_t@2,(Offer  bid:Bid[Food: Handmade Food, Drinks: Handmade Cocktails, Location: Party Room, Invitations: Plain, Music: MP3, Cleanup: Water and Soap])
52,2,0.287292817679558,KLH@3,(Offer  bid:Bid[Food: Catering, Drinks: Handmade Cocktails, Location: Party Room, Invitations: Custom, Printed, Music: MP3, Cleanup: Water and Soap])
53,1,0.292817679558011,boa-C..Users.zyx.IdeaProjects.MAS3.1BOATest.out.production.MAS3.1BOATest.mas2023.group4.Group4_BS_min_k_e_max-C..Users.zyx.IdeaProjects.MAS3.1BOATest.out.production.MAS3.1BOATest.mas2023.group4.Group4_AS_Uncertainty-C..Users.zyx.IdeaProjects.MAS3.1BOATest.out.production.MAS3.1BOATest.mas2023.group4.Group4_OM_l-C..Users.zyx.IdeaProjects.MAS3.1BOATest.out.production.MAS3.1BOATest.mas2023.group4.Group4_OMS_t@2,(Accept  bid:Bid[Food: Catering, Drinks: Handmade Cocktails, Location: Party Room, Invitations: Custom, Printed, Music: MP3, Cleanup: Water and Soap])
agreement,Bid[Food: Catering, Drinks: Handmade Cocktails, Location: Party Room, Invitations: Custom, Printed, Music: MP3, Cleanup: Water and Soap],0.6583333333333333,1.0
