1,1,0.0033222591362126247,BoulwareNegotiationParty@0,(Offer  bid:Bid[Location: Barcelona, Duration: 2 weeks, Hotel Quality: Hostel])
1,2,0.0033222591362126247,ConcederNegotiationParty@1,(Offer  bid:Bid[Location: Milan, Duration: 2 weeks, Hotel Quality: 5 star hotel])
2,1,0.006644518272425249,BoulwareNegotiationParty@0,(Offer  bid:Bid[Location: Barcelona, Duration: 2 weeks, Hotel Quality: Hostel])
2,2,0.006644518272425249,ConcederNegotiationParty@1,(Offer  bid:Bid[Location: Milan, Duration: 2 weeks, Hotel Quality: 5 star hotel])
3,1,0.009966777408637873,BoulwareNegotiationParty@0,(Offer  bid:Bid[Location: Barcelona, Duration: 2 weeks, Hotel Quality: Hostel])
3,2,0.009966777408637873,ConcederNegotiationParty@1,(Offer  bid:Bid[Location: Milan, Duration: 2 weeks, Hotel Quality: 5 star hotel])
4,1,0.013289036544850499,BoulwareNegotiationParty@0,(Offer  bid:Bid[Location: Barcelona, Duration: 2 weeks, Hotel Quality: Hostel])
4,2,0.013289036544850499,ConcederNegotiationParty@1,(Offer  bid:Bid[Location: Milan, Duration: 2 weeks, Hotel Quality: 5 star hotel])
5,1,0.016611295681063124,BoulwareNegotiationParty@0,(Offer  bid:Bid[Location: Barcelona, Duration: 2 weeks, Hotel Quality: Hostel])
5,2,0.016611295681063124,ConcederNegotiationParty@1,(Offer  bid:Bid[Location: Milan, Duration: 2 weeks, Hotel Quality: 5 star hotel])
6,1,0.019933554817275746,BoulwareNegotiationParty@0,(Offer  bid:Bid[Location: Barcelona, Duration: 2 weeks, Hotel Quality: Hostel])
6,2,0.019933554817275746,ConcederNegotiationParty@1,(Offer  bid:Bid[Location: Milan, Duration: 2 weeks, Hotel Quality: 5 star hotel])
7,1,0.023255813953488372,BoulwareNegotiationParty@0,(Offer  bid:Bid[Location: Barcelona, Duration: 2 weeks, Hotel Quality: Hostel])
7,2,0.023255813953488372,ConcederNegotiationParty@1,(Offer  bid:Bid[Location: Milan, Duration: 2 weeks, Hotel Quality: 5 star hotel])
8,1,0.026578073089700997,BoulwareNegotiationParty@0,(Offer  bid:Bid[Location: Barcelona, Duration: 2 weeks, Hotel Quality: Hostel])
8,2,0.026578073089700997,ConcederNegotiationParty@1,(Offer  bid:Bid[Location: Milan, Duration: 2 weeks, Hotel Quality: 5 star hotel])
9,1,0.029900332225913623,BoulwareNegotiationParty@0,(Offer  bid:Bid[Location: Barcelona, Duration: 2 weeks, Hotel Quality: Hostel])
9,2,0.029900332225913623,ConcederNegotiationParty@1,(Offer  bid:Bid[Location: Milan, Duration: 2 weeks, Hotel Quality: 5 star hotel])
10,1,0.03322259136212625,BoulwareNegotiationParty@0,(Offer  bid:Bid[Location: Barcelona, Duration: 2 weeks, Hotel Quality: Hostel])
10,2,0.03322259136212625,ConcederNegotiationParty@1,(Offer  bid:Bid[Location: Milan, Duration: 1 week, Hotel Quality: 5 star hotel])
11,1,0.036544850498338874,BoulwareNegotiationParty@0,(Offer  bid:Bid[Location: Barcelona, Duration: 2 weeks, Hotel Quality: Hostel])
11,2,0.036544850498338874,ConcederNegotiationParty@1,(Offer  bid:Bid[Location: Milan, Duration: 1 week, Hotel Quality: 5 star hotel])
12,1,0.03986710963455149,BoulwareNegotiationParty@0,(Offer  bid:Bid[Location: Barcelona, Duration: 2 weeks, Hotel Quality: Hostel])
12,2,0.03986710963455149,ConcederNegotiationParty@1,(Offer  bid:Bid[Location: Milan, Duration: 1 week, Hotel Quality: 5 star hotel])
13,1,0.04318936877076412,BoulwareNegotiationParty@0,(Offer  bid:Bid[Location: Barcelona, Duration: 2 weeks, Hotel Quality: Hostel])
13,2,0.04318936877076412,ConcederNegotiationParty@1,(Offer  bid:Bid[Location: Milan, Duration: 1 week, Hotel Quality: 5 star hotel])
14,1,0.046511627906976744,BoulwareNegotiationParty@0,(Offer  bid:Bid[Location: Barcelona, Duration: 2 weeks, Hotel Quality: Hostel])
14,2,0.046511627906976744,ConcederNegotiationParty@1,(Offer  bid:Bid[Location: Milan, Duration: 1 week, Hotel Quality: 5 star hotel])
15,1,0.04983388704318937,BoulwareNegotiationParty@0,(Offer  bid:Bid[Location: Barcelona, Duration: 2 weeks, Hotel Quality: Hostel])
15,2,0.04983388704318937,ConcederNegotiationParty@1,(Offer  bid:Bid[Location: Milan, Duration: 1 week, Hotel Quality: 5 star hotel])
16,1,0.053156146179401995,BoulwareNegotiationParty@0,(Offer  bid:Bid[Location: Barcelona, Duration: 2 weeks, Hotel Quality: Hostel])
16,2,0.053156146179401995,ConcederNegotiationParty@1,(Offer  bid:Bid[Location: Milan, Duration: 1 week, Hotel Quality: 5 star hotel])
17,1,0.05647840531561462,BoulwareNegotiationParty@0,(Offer  bid:Bid[Location: Barcelona, Duration: 2 weeks, Hotel Quality: Hostel])
17,2,0.05647840531561462,ConcederNegotiationParty@1,(Offer  bid:Bid[Location: Milan, Duration: 1 week, Hotel Quality: 5 star hotel])
18,1,0.059800664451827246,BoulwareNegotiationParty@0,(Offer  bid:Bid[Location: Barcelona, Duration: 2 weeks, Hotel Quality: Hostel])
18,2,0.059800664451827246,ConcederNegotiationParty@1,(Offer  bid:Bid[Location: Milan, Duration: 1 week, Hotel Quality: 5 star hotel])
19,1,0.06312292358803986,BoulwareNegotiationParty@0,(Offer  bid:Bid[Location: Barcelona, Duration: 2 weeks, Hotel Quality: Hostel])
19,2,0.06312292358803986,ConcederNegotiationParty@1,(Offer  bid:Bid[Location: Milan, Duration: 1 week, Hotel Quality: 5 star hotel])
20,1,0.0664451827242525,BoulwareNegotiationParty@0,(Offer  bid:Bid[Location: Barcelona, Duration: 2 weeks, Hotel Quality: Hostel])
20,2,0.0664451827242525,ConcederNegotiationParty@1,(Offer  bid:Bid[Location: Milan, Duration: 1 week, Hotel Quality: 5 star hotel])
21,1,0.06976744186046512,BoulwareNegotiationParty@0,(Offer  bid:Bid[Location: Barcelona, Duration: 2 weeks, Hotel Quality: Hostel])
21,2,0.06976744186046512,ConcederNegotiationParty@1,(Offer  bid:Bid[Location: Milan, Duration: 1 week, Hotel Quality: 5 star hotel])
22,1,0.07308970099667775,BoulwareNegotiationParty@0,(Offer  bid:Bid[Location: Barcelona, Duration: 2 weeks, Hotel Quality: Hostel])
22,2,0.07308970099667775,ConcederNegotiationParty@1,(Offer  bid:Bid[Location: Milan, Duration: 1 week, Hotel Quality: 5 star hotel])
23,1,0.07641196013289037,BoulwareNegotiationParty@0,(Offer  bid:Bid[Location: Barcelona, Duration: 2 weeks, Hotel Quality: Hostel])
23,2,0.07641196013289037,ConcederNegotiationParty@1,(Offer  bid:Bid[Location: Milan, Duration: 1 week, Hotel Quality: 5 star hotel])
24,1,0.07973421926910298,BoulwareNegotiationParty@0,(Offer  bid:Bid[Location: Barcelona, Duration: 2 weeks, Hotel Quality: Hostel])
24,2,0.07973421926910298,ConcederNegotiationParty@1,(Offer  bid:Bid[Location: Milan, Duration: 1 week, Hotel Quality: 5 star hotel])
25,1,0.08305647840531562,BoulwareNegotiationParty@0,(Offer  bid:Bid[Location: Barcelona, Duration: 2 weeks, Hotel Quality: Hostel])
25,2,0.08305647840531562,ConcederNegotiationParty@1,(Offer  bid:Bid[Location: Milan, Duration: 1 week, Hotel Quality: 5 star hotel])
26,1,0.08637873754152824,BoulwareNegotiationParty@0,(Offer  bid:Bid[Location: Barcelona, Duration: 2 weeks, Hotel Quality: Hostel])
26,2,0.08637873754152824,ConcederNegotiationParty@1,(Offer  bid:Bid[Location: Milan, Duration: 1 week, Hotel Quality: 5 star hotel])
27,1,0.08970099667774087,BoulwareNegotiationParty@0,(Offer  bid:Bid[Location: Barcelona, Duration: 2 weeks, Hotel Quality: Hostel])
27,2,0.08970099667774087,ConcederNegotiationParty@1,(Offer  bid:Bid[Location: Milan, Duration: 1 week, Hotel Quality: 5 star hotel])
28,1,0.09302325581395349,BoulwareNegotiationParty@0,(Offer  bid:Bid[Location: Barcelona, Duration: 2 weeks, Hotel Quality: Hostel])
28,2,0.09302325581395349,ConcederNegotiationParty@1,(Offer  bid:Bid[Location: Milan, Duration: 1 week, Hotel Quality: 5 star hotel])
29,1,0.09634551495016612,BoulwareNegotiationParty@0,(Offer  bid:Bid[Location: Barcelona, Duration: 2 weeks, Hotel Quality: Hostel])
29,2,0.09634551495016612,ConcederNegotiationParty@1,(Offer  bid:Bid[Location: Milan, Duration: 1 week, Hotel Quality: 5 star hotel])
30,1,0.09966777408637874,BoulwareNegotiationParty@0,(Offer  bid:Bid[Location: Barcelona, Duration: 2 weeks, Hotel Quality: Hostel])
30,2,0.09966777408637874,ConcederNegotiationParty@1,(Offer  bid:Bid[Location: Milan, Duration: 1 week, Hotel Quality: 5 star hotel])
31,1,0.10299003322259136,BoulwareNegotiationParty@0,(Offer  bid:Bid[Location: Barcelona, Duration: 2 weeks, Hotel Quality: Hostel])
31,2,0.10299003322259136,ConcederNegotiationParty@1,(Offer  bid:Bid[Location: Milan, Duration: 1 week, Hotel Quality: 5 star hotel])
32,1,0.10631229235880399,BoulwareNegotiationParty@0,(Offer  bid:Bid[Location: Barcelona, Duration: 2 weeks, Hotel Quality: Hostel])
32,2,0.10631229235880399,ConcederNegotiationParty@1,(Offer  bid:Bid[Location: Milan, Duration: 1 week, Hotel Quality: 5 star hotel])
33,1,0.10963455149501661,BoulwareNegotiationParty@0,(Offer  bid:Bid[Location: Barcelona, Duration: 2 weeks, Hotel Quality: Hostel])
33,2,0.10963455149501661,ConcederNegotiationParty@1,(Offer  bid:Bid[Location: Milan, Duration: 1 week, Hotel Quality: 5 star hotel])
34,1,0.11295681063122924,BoulwareNegotiationParty@0,(Offer  bid:Bid[Location: Barcelona, Duration: 2 weeks, Hotel Quality: Hostel])
34,2,0.11295681063122924,ConcederNegotiationParty@1,(Offer  bid:Bid[Location: Milan, Duration: 1 week, Hotel Quality: 5 star hotel])
35,1,0.11627906976744186,BoulwareNegotiationParty@0,(Offer  bid:Bid[Location: Barcelona, Duration: 2 weeks, Hotel Quality: Hostel])
35,2,0.11627906976744186,ConcederNegotiationParty@1,(Offer  bid:Bid[Location: Milan, Duration: 2 weeks, Hotel Quality: Hostel])
36,1,0.11960132890365449,BoulwareNegotiationParty@0,(Offer  bid:Bid[Location: Barcelona, Duration: 2 weeks, Hotel Quality: Hostel])
36,2,0.11960132890365449,ConcederNegotiationParty@1,(Offer  bid:Bid[Location: Milan, Duration: 2 weeks, Hotel Quality: Hostel])
37,1,0.12292358803986711,BoulwareNegotiationParty@0,(Offer  bid:Bid[Location: Barcelona, Duration: 2 weeks, Hotel Quality: Hostel])
37,2,0.12292358803986711,ConcederNegotiationParty@1,(Offer  bid:Bid[Location: Milan, Duration: 2 weeks, Hotel Quality: Hostel])
38,1,0.12624584717607973,BoulwareNegotiationParty@0,(Offer  bid:Bid[Location: Barcelona, Duration: 2 weeks, Hotel Quality: Hostel])
38,2,0.12624584717607973,ConcederNegotiationParty@1,(Offer  bid:Bid[Location: Milan, Duration: 2 weeks, Hotel Quality: Hostel])
39,1,0.12956810631229235,BoulwareNegotiationParty@0,(Offer  bid:Bid[Location: Barcelona, Duration: 2 weeks, Hotel Quality: Hostel])
39,2,0.12956810631229235,ConcederNegotiationParty@1,(Offer  bid:Bid[Location: Milan, Duration: 2 weeks, Hotel Quality: Hostel])
40,1,0.132890365448505,BoulwareNegotiationParty@0,(Offer  bid:Bid[Location: Barcelona, Duration: 2 weeks, Hotel Quality: Hostel])
40,2,0.132890365448505,ConcederNegotiationParty@1,(Offer  bid:Bid[Location: Milan, Duration: 2 weeks, Hotel Quality: Hostel])
41,1,0.1362126245847176,BoulwareNegotiationParty@0,(Offer  bid:Bid[Location: Barcelona, Duration: 2 weeks, Hotel Quality: Hostel])
41,2,0.1362126245847176,ConcederNegotiationParty@1,(Offer  bid:Bid[Location: Milan, Duration: 2 weeks, Hotel Quality: Hostel])
42,1,0.13953488372093023,BoulwareNegotiationParty@0,(Offer  bid:Bid[Location: Barcelona, Duration: 2 weeks, Hotel Quality: Hostel])
42,2,0.13953488372093023,ConcederNegotiationParty@1,(Offer  bid:Bid[Location: Milan, Duration: 2 weeks, Hotel Quality: Hostel])
43,1,0.14285714285714285,BoulwareNegotiationParty@0,(Offer  bid:Bid[Location: Barcelona, Duration: 2 weeks, Hotel Quality: Hostel])
43,2,0.14285714285714285,ConcederNegotiationParty@1,(Offer  bid:Bid[Location: Milan, Duration: 2 weeks, Hotel Quality: Hostel])
44,1,0.1461794019933555,BoulwareNegotiationParty@0,(Offer  bid:Bid[Location: Barcelona, Duration: 2 weeks, Hotel Quality: Hostel])
44,2,0.1461794019933555,ConcederNegotiationParty@1,(Offer  bid:Bid[Location: Milan, Duration: 2 weeks, Hotel Quality: Hostel])
45,1,0.14950166112956811,BoulwareNegotiationParty@0,(Offer  bid:Bid[Location: Barcelona, Duration: 2 weeks, Hotel Quality: Hostel])
45,2,0.14950166112956811,ConcederNegotiationParty@1,(Offer  bid:Bid[Location: Milan, Duration: 2 weeks, Hotel Quality: Hostel])
46,1,0.15282392026578073,BoulwareNegotiationParty@0,(Offer  bid:Bid[Location: Barcelona, Duration: 2 weeks, Hotel Quality: Hostel])
46,2,0.15282392026578073,ConcederNegotiationParty@1,(Offer  bid:Bid[Location: Milan, Duration: 2 weeks, Hotel Quality: Hostel])
47,1,0.15614617940199335,BoulwareNegotiationParty@0,(Offer  bid:Bid[Location: Barcelona, Duration: 2 weeks, Hotel Quality: Hostel])
47,2,0.15614617940199335,ConcederNegotiationParty@1,(Offer  bid:Bid[Location: Milan, Duration: 2 weeks, Hotel Quality: Hostel])
48,1,0.15946843853820597,BoulwareNegotiationParty@0,(Offer  bid:Bid[Location: Barcelona, Duration: 2 weeks, Hotel Quality: Hostel])
48,2,0.15946843853820597,ConcederNegotiationParty@1,(Offer  bid:Bid[Location: Milan, Duration: 2 weeks, Hotel Quality: Hostel])
49,1,0.16279069767441862,BoulwareNegotiationParty@0,(Offer  bid:Bid[Location: Barcelona, Duration: 2 weeks, Hotel Quality: Hostel])
49,2,0.16279069767441862,ConcederNegotiationParty@1,(Offer  bid:Bid[Location: Milan, Duration: 2 weeks, Hotel Quality: Hostel])
50,1,0.16611295681063123,BoulwareNegotiationParty@0,(Offer  bid:Bid[Location: Barcelona, Duration: 2 weeks, Hotel Quality: Hostel])
50,2,0.16611295681063123,ConcederNegotiationParty@1,(Offer  bid:Bid[Location: Milan, Duration: 2 weeks, Hotel Quality: Hostel])
51,1,0.16943521594684385,BoulwareNegotiationParty@0,(Offer  bid:Bid[Location: Barcelona, Duration: 2 weeks, Hotel Quality: Hostel])
51,2,0.16943521594684385,ConcederNegotiationParty@1,(Offer  bid:Bid[Location: Milan, Duration: 2 weeks, Hotel Quality: Hostel])
52,1,0.17275747508305647,BoulwareNegotiationParty@0,(Offer  bid:Bid[Location: Barcelona, Duration: 2 weeks, Hotel Quality: Hostel])
52,2,0.17275747508305647,ConcederNegotiationParty@1,(Offer  bid:Bid[Location: Milan, Duration: 2 weeks, Hotel Quality: Hostel])
53,1,0.1760797342192691,BoulwareNegotiationParty@0,(Offer  bid:Bid[Location: Barcelona, Duration: 2 weeks, Hotel Quality: Hostel])
53,2,0.1760797342192691,ConcederNegotiationParty@1,(Offer  bid:Bid[Location: Milan, Duration: 2 weeks, Hotel Quality: Hostel])
54,1,0.17940199335548174,BoulwareNegotiationParty@0,(Offer  bid:Bid[Location: Barcelona, Duration: 2 weeks, Hotel Quality: Hostel])
54,2,0.17940199335548174,ConcederNegotiationParty@1,(Offer  bid:Bid[Location: Milan, Duration: 2 weeks, Hotel Quality: Hostel])
55,1,0.18272425249169436,BoulwareNegotiationParty@0,(Offer  bid:Bid[Location: Barcelona, Duration: 2 weeks, Hotel Quality: Hostel])
55,2,0.18272425249169436,ConcederNegotiationParty@1,(Offer  bid:Bid[Location: Milan, Duration: 2 weeks, Hotel Quality: Hostel])
56,1,0.18604651162790697,BoulwareNegotiationParty@0,(Offer  bid:Bid[Location: Barcelona, Duration: 2 weeks, Hotel Quality: Hostel])
56,2,0.18604651162790697,ConcederNegotiationParty@1,(Offer  bid:Bid[Location: Milan, Duration: 2 weeks, Hotel Quality: Hostel])
57,1,0.1893687707641196,BoulwareNegotiationParty@0,(Offer  bid:Bid[Location: Barcelona, Duration: 2 weeks, Hotel Quality: Hostel])
57,2,0.1893687707641196,ConcederNegotiationParty@1,(Offer  bid:Bid[Location: Milan, Duration: 2 weeks, Hotel Quality: Hostel])
58,1,0.19269102990033224,BoulwareNegotiationParty@0,(Offer  bid:Bid[Location: Barcelona, Duration: 2 weeks, Hotel Quality: Hostel])
58,2,0.19269102990033224,ConcederNegotiationParty@1,(Offer  bid:Bid[Location: Milan, Duration: 2 weeks, Hotel Quality: Hostel])
59,1,0.19601328903654486,BoulwareNegotiationParty@0,(Offer  bid:Bid[Location: Barcelona, Duration: 2 weeks, Hotel Quality: Hostel])
59,2,0.19601328903654486,ConcederNegotiationParty@1,(Offer  bid:Bid[Location: Milan, Duration: 2 weeks, Hotel Quality: Hostel])
60,1,0.19933554817275748,BoulwareNegotiationParty@0,(Offer  bid:Bid[Location: Barcelona, Duration: 2 weeks, Hotel Quality: Hostel])
60,2,0.19933554817275748,ConcederNegotiationParty@1,(Offer  bid:Bid[Location: Milan, Duration: 2 weeks, Hotel Quality: Hostel])
61,1,0.2026578073089701,BoulwareNegotiationParty@0,(Offer  bid:Bid[Location: Barcelona, Duration: 2 weeks, Hotel Quality: Hostel])
61,2,0.2026578073089701,ConcederNegotiationParty@1,(Offer  bid:Bid[Location: Milan, Duration: 2 weeks, Hotel Quality: Hostel])
62,1,0.2059800664451827,BoulwareNegotiationParty@0,(Offer  bid:Bid[Location: Barcelona, Duration: 2 weeks, Hotel Quality: Hostel])
62,2,0.2059800664451827,ConcederNegotiationParty@1,(Offer  bid:Bid[Location: Milan, Duration: 2 weeks, Hotel Quality: Hostel])
63,1,0.20930232558139536,BoulwareNegotiationParty@0,(Offer  bid:Bid[Location: Barcelona, Duration: 2 weeks, Hotel Quality: Hostel])
63,2,0.20930232558139536,ConcederNegotiationParty@1,(Offer  bid:Bid[Location: Milan, Duration: 2 weeks, Hotel Quality: Hostel])
64,1,0.21262458471760798,BoulwareNegotiationParty@0,(Offer  bid:Bid[Location: Barcelona, Duration: 2 weeks, Hotel Quality: Hostel])
64,2,0.21262458471760798,ConcederNegotiationParty@1,(Offer  bid:Bid[Location: Milan, Duration: 2 weeks, Hotel Quality: Hostel])
65,1,0.2159468438538206,BoulwareNegotiationParty@0,(Offer  bid:Bid[Location: Barcelona, Duration: 2 weeks, Hotel Quality: Hostel])
65,2,0.2159468438538206,ConcederNegotiationParty@1,(Offer  bid:Bid[Location: Milan, Duration: 2 weeks, Hotel Quality: Hostel])
66,1,0.21926910299003322,BoulwareNegotiationParty@0,(Offer  bid:Bid[Location: Barcelona, Duration: 2 weeks, Hotel Quality: Hostel])
66,2,0.21926910299003322,ConcederNegotiationParty@1,(Offer  bid:Bid[Location: Milan, Duration: 2 weeks, Hotel Quality: Hostel])
67,1,0.22259136212624583,BoulwareNegotiationParty@0,(Offer  bid:Bid[Location: Barcelona, Duration: 2 weeks, Hotel Quality: Hostel])
67,2,0.22259136212624583,ConcederNegotiationParty@1,(Offer  bid:Bid[Location: Milan, Duration: 2 weeks, Hotel Quality: Hostel])
68,1,0.22591362126245848,BoulwareNegotiationParty@0,(Offer  bid:Bid[Location: Barcelona, Duration: 2 weeks, Hotel Quality: Hostel])
68,2,0.22591362126245848,ConcederNegotiationParty@1,(Offer  bid:Bid[Location: Milan, Duration: 2 weeks, Hotel Quality: Hostel])
69,1,0.2292358803986711,BoulwareNegotiationParty@0,(Offer  bid:Bid[Location: Barcelona, Duration: 2 weeks, Hotel Quality: Hostel])
69,2,0.2292358803986711,ConcederNegotiationParty@1,(Offer  bid:Bid[Location: Milan, Duration: 2 weeks, Hotel Quality: Hostel])
70,1,0.23255813953488372,BoulwareNegotiationParty@0,(Offer  bid:Bid[Location: Barcelona, Duration: 2 weeks, Hotel Quality: Hostel])
70,2,0.23255813953488372,ConcederNegotiationParty@1,(Offer  bid:Bid[Location: Milan, Duration: 2 weeks, Hotel Quality: Hostel])
71,1,0.23588039867109634,BoulwareNegotiationParty@0,(Offer  bid:Bid[Location: Barcelona, Duration: 2 weeks, Hotel Quality: Hostel])
71,2,0.23588039867109634,ConcederNegotiationParty@1,(Offer  bid:Bid[Location: Milan, Duration: 2 weeks, Hotel Quality: Hostel])
72,1,0.23920265780730898,BoulwareNegotiationParty@0,(Offer  bid:Bid[Location: Barcelona, Duration: 2 weeks, Hotel Quality: Hostel])
72,2,0.23920265780730898,ConcederNegotiationParty@1,(Offer  bid:Bid[Location: Milan, Duration: 2 weeks, Hotel Quality: Hostel])
73,1,0.2425249169435216,BoulwareNegotiationParty@0,(Offer  bid:Bid[Location: Barcelona, Duration: 2 weeks, Hotel Quality: Hostel])
73,2,0.2425249169435216,ConcederNegotiationParty@1,(Offer  bid:Bid[Location: Milan, Duration: 2 weeks, Hotel Quality: Hostel])
74,1,0.24584717607973422,BoulwareNegotiationParty@0,(Offer  bid:Bid[Location: Barcelona, Duration: 2 weeks, Hotel Quality: Hostel])
74,2,0.24584717607973422,ConcederNegotiationParty@1,(Offer  bid:Bid[Location: Milan, Duration: 2 weeks, Hotel Quality: Hostel])
75,1,0.24916943521594684,BoulwareNegotiationParty@0,(Offer  bid:Bid[Location: Barcelona, Duration: 2 weeks, Hotel Quality: Hostel])
75,2,0.24916943521594684,ConcederNegotiationParty@1,(Offer  bid:Bid[Location: Milan, Duration: 2 weeks, Hotel Quality: Hostel])
76,1,0.25249169435215946,BoulwareNegotiationParty@0,(Offer  bid:Bid[Location: Barcelona, Duration: 2 weeks, Hotel Quality: Hostel])
76,2,0.25249169435215946,ConcederNegotiationParty@1,(Offer  bid:Bid[Location: Milan, Duration: 2 weeks, Hotel Quality: Hostel])
77,1,0.2558139534883721,BoulwareNegotiationParty@0,(Offer  bid:Bid[Location: Barcelona, Duration: 2 weeks, Hotel Quality: Hostel])
77,2,0.2558139534883721,ConcederNegotiationParty@1,(Offer  bid:Bid[Location: Milan, Duration: 1 week, Hotel Quality: Hostel])
78,1,0.2591362126245847,BoulwareNegotiationParty@0,(Offer  bid:Bid[Location: Barcelona, Duration: 2 weeks, Hotel Quality: Hostel])
78,2,0.2591362126245847,ConcederNegotiationParty@1,(Offer  bid:Bid[Location: Milan, Duration: 1 week, Hotel Quality: Hostel])
79,1,0.26245847176079734,BoulwareNegotiationParty@0,(Offer  bid:Bid[Location: Barcelona, Duration: 2 weeks, Hotel Quality: Hostel])
79,2,0.26245847176079734,ConcederNegotiationParty@1,(Offer  bid:Bid[Location: Milan, Duration: 1 week, Hotel Quality: Hostel])
80,1,0.26578073089701,BoulwareNegotiationParty@0,(Offer  bid:Bid[Location: Barcelona, Duration: 2 weeks, Hotel Quality: Hostel])
80,2,0.26578073089701,ConcederNegotiationParty@1,(Offer  bid:Bid[Location: Milan, Duration: 1 week, Hotel Quality: Hostel])
81,1,0.2691029900332226,BoulwareNegotiationParty@0,(Offer  bid:Bid[Location: Barcelona, Duration: 2 weeks, Hotel Quality: Hostel])
81,2,0.2691029900332226,ConcederNegotiationParty@1,(Offer  bid:Bid[Location: Milan, Duration: 1 week, Hotel Quality: Hostel])
82,1,0.2724252491694352,BoulwareNegotiationParty@0,(Offer  bid:Bid[Location: Barcelona, Duration: 2 weeks, Hotel Quality: Hostel])
82,2,0.2724252491694352,ConcederNegotiationParty@1,(Offer  bid:Bid[Location: Milan, Duration: 1 week, Hotel Quality: Hostel])
83,1,0.2757475083056478,BoulwareNegotiationParty@0,(Offer  bid:Bid[Location: Barcelona, Duration: 2 weeks, Hotel Quality: Hostel])
83,2,0.2757475083056478,ConcederNegotiationParty@1,(Offer  bid:Bid[Location: Milan, Duration: 1 week, Hotel Quality: Hostel])
84,1,0.27906976744186046,BoulwareNegotiationParty@0,(Offer  bid:Bid[Location: Barcelona, Duration: 2 weeks, Hotel Quality: Hostel])
84,2,0.27906976744186046,ConcederNegotiationParty@1,(Offer  bid:Bid[Location: Milan, Duration: 1 week, Hotel Quality: Hostel])
85,1,0.2823920265780731,BoulwareNegotiationParty@0,(Offer  bid:Bid[Location: Barcelona, Duration: 2 weeks, Hotel Quality: Hostel])
85,2,0.2823920265780731,ConcederNegotiationParty@1,(Offer  bid:Bid[Location: Milan, Duration: 1 week, Hotel Quality: Hostel])
86,1,0.2857142857142857,BoulwareNegotiationParty@0,(Offer  bid:Bid[Location: Barcelona, Duration: 2 weeks, Hotel Quality: Hostel])
86,2,0.2857142857142857,ConcederNegotiationParty@1,(Offer  bid:Bid[Location: Milan, Duration: 1 week, Hotel Quality: Hostel])
87,1,0.28903654485049834,BoulwareNegotiationParty@0,(Offer  bid:Bid[Location: Barcelona, Duration: 2 weeks, Hotel Quality: Hostel])
87,2,0.28903654485049834,ConcederNegotiationParty@1,(Offer  bid:Bid[Location: Milan, Duration: 1 week, Hotel Quality: Hostel])
88,1,0.292358803986711,BoulwareNegotiationParty@0,(Offer  bid:Bid[Location: Barcelona, Duration: 2 weeks, Hotel Quality: Hostel])
88,2,0.292358803986711,ConcederNegotiationParty@1,(Offer  bid:Bid[Location: Milan, Duration: 1 week, Hotel Quality: Hostel])
89,1,0.2956810631229236,BoulwareNegotiationParty@0,(Offer  bid:Bid[Location: Barcelona, Duration: 2 weeks, Hotel Quality: Hostel])
89,2,0.2956810631229236,ConcederNegotiationParty@1,(Offer  bid:Bid[Location: Milan, Duration: 1 week, Hotel Quality: Hostel])
90,1,0.29900332225913623,BoulwareNegotiationParty@0,(Offer  bid:Bid[Location: Barcelona, Duration: 2 weeks, Hotel Quality: Hostel])
90,2,0.29900332225913623,ConcederNegotiationParty@1,(Offer  bid:Bid[Location: Milan, Duration: 1 week, Hotel Quality: Hostel])
91,1,0.3023255813953488,BoulwareNegotiationParty@0,(Offer  bid:Bid[Location: Barcelona, Duration: 2 weeks, Hotel Quality: Hostel])
91,2,0.3023255813953488,ConcederNegotiationParty@1,(Offer  bid:Bid[Location: Milan, Duration: 1 week, Hotel Quality: Hostel])
92,1,0.30564784053156147,BoulwareNegotiationParty@0,(Offer  bid:Bid[Location: Barcelona, Duration: 2 weeks, Hotel Quality: Hostel])
92,2,0.30564784053156147,ConcederNegotiationParty@1,(Offer  bid:Bid[Location: Milan, Duration: 1 week, Hotel Quality: Hostel])
93,1,0.3089700996677741,BoulwareNegotiationParty@0,(Offer  bid:Bid[Location: Barcelona, Duration: 2 weeks, Hotel Quality: Hostel])
93,2,0.3089700996677741,ConcederNegotiationParty@1,(Offer  bid:Bid[Location: Milan, Duration: 1 week, Hotel Quality: Hostel])
94,1,0.3122923588039867,BoulwareNegotiationParty@0,(Offer  bid:Bid[Location: Barcelona, Duration: 2 weeks, Hotel Quality: Hostel])
94,2,0.3122923588039867,ConcederNegotiationParty@1,(Offer  bid:Bid[Location: Milan, Duration: 1 week, Hotel Quality: Hostel])
95,1,0.31561461794019935,BoulwareNegotiationParty@0,(Offer  bid:Bid[Location: Barcelona, Duration: 2 weeks, Hotel Quality: Hostel])
95,2,0.31561461794019935,ConcederNegotiationParty@1,(Offer  bid:Bid[Location: Milan, Duration: 1 week, Hotel Quality: Hostel])
96,1,0.31893687707641194,BoulwareNegotiationParty@0,(Offer  bid:Bid[Location: Barcelona, Duration: 2 weeks, Hotel Quality: Hostel])
96,2,0.31893687707641194,ConcederNegotiationParty@1,(Offer  bid:Bid[Location: Milan, Duration: 1 week, Hotel Quality: Hostel])
97,1,0.3222591362126246,BoulwareNegotiationParty@0,(Offer  bid:Bid[Location: Barcelona, Duration: 2 weeks, Hotel Quality: Hostel])
97,2,0.3222591362126246,ConcederNegotiationParty@1,(Offer  bid:Bid[Location: Milan, Duration: 1 week, Hotel Quality: Hostel])
98,1,0.32558139534883723,BoulwareNegotiationParty@0,(Offer  bid:Bid[Location: Barcelona, Duration: 2 weeks, Hotel Quality: Hostel])
98,2,0.32558139534883723,ConcederNegotiationParty@1,(Offer  bid:Bid[Location: Milan, Duration: 1 week, Hotel Quality: Hostel])
99,1,0.3289036544850498,BoulwareNegotiationParty@0,(Offer  bid:Bid[Location: Barcelona, Duration: 2 weeks, Hotel Quality: Hostel])
99,2,0.3289036544850498,ConcederNegotiationParty@1,(Offer  bid:Bid[Location: Milan, Duration: 1 week, Hotel Quality: Hostel])
100,1,0.33222591362126247,BoulwareNegotiationParty@0,(Offer  bid:Bid[Location: Barcelona, Duration: 2 weeks, Hotel Quality: Hostel])
100,2,0.33222591362126247,ConcederNegotiationParty@1,(Offer  bid:Bid[Location: Milan, Duration: 1 week, Hotel Quality: Hostel])
101,1,0.33554817275747506,BoulwareNegotiationParty@0,(Offer  bid:Bid[Location: Barcelona, Duration: 2 weeks, Hotel Quality: Hostel])
101,2,0.33554817275747506,ConcederNegotiationParty@1,(Offer  bid:Bid[Location: Milan, Duration: 1 week, Hotel Quality: Hostel])
102,1,0.3388704318936877,BoulwareNegotiationParty@0,(Offer  bid:Bid[Location: Barcelona, Duration: 2 weeks, Hotel Quality: Hostel])
102,2,0.3388704318936877,ConcederNegotiationParty@1,(Offer  bid:Bid[Location: Milan, Duration: 1 week, Hotel Quality: Hostel])
103,1,0.34219269102990035,BoulwareNegotiationParty@0,(Offer  bid:Bid[Location: Barcelona, Duration: 2 weeks, Hotel Quality: Hostel])
103,2,0.34219269102990035,ConcederNegotiationParty@1,(Offer  bid:Bid[Location: Milan, Duration: 1 week, Hotel Quality: Hostel])
104,1,0.34551495016611294,BoulwareNegotiationParty@0,(Offer  bid:Bid[Location: Barcelona, Duration: 2 weeks, Hotel Quality: Hostel])
104,2,0.34551495016611294,ConcederNegotiationParty@1,(Offer  bid:Bid[Location: Milan, Duration: 1 week, Hotel Quality: Hostel])
105,1,0.3488372093023256,BoulwareNegotiationParty@0,(Offer  bid:Bid[Location: Barcelona, Duration: 2 weeks, Hotel Quality: Hostel])
105,2,0.3488372093023256,ConcederNegotiationParty@1,(Offer  bid:Bid[Location: Milan, Duration: 1 week, Hotel Quality: Hostel])
106,1,0.3521594684385382,BoulwareNegotiationParty@0,(Offer  bid:Bid[Location: Barcelona, Duration: 2 weeks, Hotel Quality: Hostel])
106,2,0.3521594684385382,ConcederNegotiationParty@1,(Offer  bid:Bid[Location: Milan, Duration: 1 week, Hotel Quality: Hostel])
107,1,0.3554817275747508,BoulwareNegotiationParty@0,(Offer  bid:Bid[Location: Barcelona, Duration: 2 weeks, Hotel Quality: Hostel])
107,2,0.3554817275747508,ConcederNegotiationParty@1,(Offer  bid:Bid[Location: Milan, Duration: 1 week, Hotel Quality: Hostel])
108,1,0.3588039867109635,BoulwareNegotiationParty@0,(Offer  bid:Bid[Location: Barcelona, Duration: 2 weeks, Hotel Quality: Hostel])
108,2,0.3588039867109635,ConcederNegotiationParty@1,(Offer  bid:Bid[Location: Milan, Duration: 1 week, Hotel Quality: Hostel])
109,1,0.36212624584717606,BoulwareNegotiationParty@0,(Offer  bid:Bid[Location: Barcelona, Duration: 2 weeks, Hotel Quality: Hostel])
109,2,0.36212624584717606,ConcederNegotiationParty@1,(Offer  bid:Bid[Location: Milan, Duration: 1 week, Hotel Quality: Hostel])
110,1,0.3654485049833887,BoulwareNegotiationParty@0,(Offer  bid:Bid[Location: Barcelona, Duration: 2 weeks, Hotel Quality: Hostel])
110,2,0.3654485049833887,ConcederNegotiationParty@1,(Offer  bid:Bid[Location: Milan, Duration: 1 week, Hotel Quality: Hostel])
111,1,0.3687707641196013,BoulwareNegotiationParty@0,(Offer  bid:Bid[Location: Barcelona, Duration: 2 weeks, Hotel Quality: Hostel])
111,2,0.3687707641196013,ConcederNegotiationParty@1,(Offer  bid:Bid[Location: Milan, Duration: 1 week, Hotel Quality: Hostel])
112,1,0.37209302325581395,BoulwareNegotiationParty@0,(Offer  bid:Bid[Location: Barcelona, Duration: 2 weeks, Hotel Quality: Hostel])
112,2,0.37209302325581395,ConcederNegotiationParty@1,(Offer  bid:Bid[Location: Milan, Duration: 1 week, Hotel Quality: Hostel])
113,1,0.3754152823920266,BoulwareNegotiationParty@0,(Offer  bid:Bid[Location: Barcelona, Duration: 2 weeks, Hotel Quality: Hostel])
113,2,0.3754152823920266,ConcederNegotiationParty@1,(Offer  bid:Bid[Location: Milan, Duration: 1 week, Hotel Quality: Hostel])
114,1,0.3787375415282392,BoulwareNegotiationParty@0,(Offer  bid:Bid[Location: Barcelona, Duration: 2 weeks, Hotel Quality: Hostel])
114,2,0.3787375415282392,ConcederNegotiationParty@1,(Offer  bid:Bid[Location: Milan, Duration: 1 week, Hotel Quality: Hostel])
115,1,0.38205980066445183,BoulwareNegotiationParty@0,(Offer  bid:Bid[Location: Barcelona, Duration: 2 weeks, Hotel Quality: Hostel])
115,2,0.38205980066445183,ConcederNegotiationParty@1,(Offer  bid:Bid[Location: Milan, Duration: 1 week, Hotel Quality: Hostel])
116,1,0.3853820598006645,BoulwareNegotiationParty@0,(Offer  bid:Bid[Location: Barcelona, Duration: 2 weeks, Hotel Quality: Hostel])
116,2,0.3853820598006645,ConcederNegotiationParty@1,(Offer  bid:Bid[Location: Milan, Duration: 1 week, Hotel Quality: Hostel])
117,1,0.38870431893687707,BoulwareNegotiationParty@0,(Offer  bid:Bid[Location: Barcelona, Duration: 2 weeks, Hotel Quality: Hostel])
117,2,0.38870431893687707,ConcederNegotiationParty@1,(Offer  bid:Bid[Location: Milan, Duration: 1 week, Hotel Quality: Hostel])
118,1,0.3920265780730897,BoulwareNegotiationParty@0,(Offer  bid:Bid[Location: Barcelona, Duration: 2 weeks, Hotel Quality: Hostel])
118,2,0.3920265780730897,ConcederNegotiationParty@1,(Offer  bid:Bid[Location: Milan, Duration: 1 week, Hotel Quality: Hostel])
119,1,0.3953488372093023,BoulwareNegotiationParty@0,(Offer  bid:Bid[Location: Barcelona, Duration: 2 weeks, Hotel Quality: Hostel])
119,2,0.3953488372093023,ConcederNegotiationParty@1,(Offer  bid:Bid[Location: Milan, Duration: 1 week, Hotel Quality: Hostel])
120,1,0.39867109634551495,BoulwareNegotiationParty@0,(Offer  bid:Bid[Location: Barcelona, Duration: 2 weeks, Hotel Quality: Hostel])
120,2,0.39867109634551495,ConcederNegotiationParty@1,(Offer  bid:Bid[Location: Milan, Duration: 1 week, Hotel Quality: Hostel])
121,1,0.4019933554817276,BoulwareNegotiationParty@0,(Offer  bid:Bid[Location: Barcelona, Duration: 2 weeks, Hotel Quality: Hostel])
121,2,0.4019933554817276,ConcederNegotiationParty@1,(Offer  bid:Bid[Location: Milan, Duration: 1 week, Hotel Quality: Hostel])
122,1,0.4053156146179402,BoulwareNegotiationParty@0,(Offer  bid:Bid[Location: Barcelona, Duration: 2 weeks, Hotel Quality: Hostel])
122,2,0.4053156146179402,ConcederNegotiationParty@1,(Offer  bid:Bid[Location: Milan, Duration: 1 week, Hotel Quality: Hostel])
123,1,0.40863787375415284,BoulwareNegotiationParty@0,(Offer  bid:Bid[Location: Barcelona, Duration: 2 weeks, Hotel Quality: Hostel])
123,2,0.40863787375415284,ConcederNegotiationParty@1,(Offer  bid:Bid[Location: Milan, Duration: 1 week, Hotel Quality: Hostel])
124,1,0.4119601328903654,BoulwareNegotiationParty@0,(Offer  bid:Bid[Location: Barcelona, Duration: 2 weeks, Hotel Quality: Hostel])
124,2,0.4119601328903654,ConcederNegotiationParty@1,(Offer  bid:Bid[Location: Milan, Duration: 1 week, Hotel Quality: Hostel])
125,1,0.4152823920265781,BoulwareNegotiationParty@0,(Offer  bid:Bid[Location: Barcelona, Duration: 2 weeks, Hotel Quality: Hostel])
125,2,0.4152823920265781,ConcederNegotiationParty@1,(Offer  bid:Bid[Location: Milan, Duration: 1 week, Hotel Quality: Hostel])
126,1,0.4186046511627907,BoulwareNegotiationParty@0,(Offer  bid:Bid[Location: Barcelona, Duration: 2 weeks, Hotel Quality: Hostel])
126,2,0.4186046511627907,ConcederNegotiationParty@1,(Offer  bid:Bid[Location: Milan, Duration: 1 week, Hotel Quality: Hostel])
127,1,0.4219269102990033,BoulwareNegotiationParty@0,(Offer  bid:Bid[Location: Barcelona, Duration: 2 weeks, Hotel Quality: Hostel])
127,2,0.4219269102990033,ConcederNegotiationParty@1,(Offer  bid:Bid[Location: Milan, Duration: 1 week, Hotel Quality: Hostel])
128,1,0.42524916943521596,BoulwareNegotiationParty@0,(Offer  bid:Bid[Location: Barcelona, Duration: 2 weeks, Hotel Quality: Hostel])
128,2,0.42524916943521596,ConcederNegotiationParty@1,(Offer  bid:Bid[Location: Milan, Duration: 1 week, Hotel Quality: Hostel])
129,1,0.42857142857142855,BoulwareNegotiationParty@0,(Offer  bid:Bid[Location: Barcelona, Duration: 2 weeks, Hotel Quality: Hostel])
129,2,0.42857142857142855,ConcederNegotiationParty@1,(Offer  bid:Bid[Location: Milan, Duration: 1 week, Hotel Quality: Hostel])
130,1,0.4318936877076412,BoulwareNegotiationParty@0,(Offer  bid:Bid[Location: Barcelona, Duration: 2 weeks, Hotel Quality: Hostel])
130,2,0.4318936877076412,ConcederNegotiationParty@1,(Offer  bid:Bid[Location: Milan, Duration: 1 week, Hotel Quality: Hostel])
131,1,0.43521594684385384,BoulwareNegotiationParty@0,(Offer  bid:Bid[Location: Barcelona, Duration: 2 weeks, Hotel Quality: Hostel])
131,2,0.43521594684385384,ConcederNegotiationParty@1,(Offer  bid:Bid[Location: Milan, Duration: 1 week, Hotel Quality: Hostel])
132,1,0.43853820598006643,BoulwareNegotiationParty@0,(Offer  bid:Bid[Location: Barcelona, Duration: 2 weeks, Hotel Quality: Hostel])
132,2,0.43853820598006643,ConcederNegotiationParty@1,(Offer  bid:Bid[Location: Milan, Duration: 1 week, Hotel Quality: Hostel])
133,1,0.4418604651162791,BoulwareNegotiationParty@0,(Offer  bid:Bid[Location: Barcelona, Duration: 2 weeks, Hotel Quality: Hostel])
133,2,0.4418604651162791,ConcederNegotiationParty@1,(Offer  bid:Bid[Location: Milan, Duration: 1 week, Hotel Quality: Hostel])
134,1,0.44518272425249167,BoulwareNegotiationParty@0,(Offer  bid:Bid[Location: Barcelona, Duration: 2 weeks, Hotel Quality: Hostel])
134,2,0.44518272425249167,ConcederNegotiationParty@1,(Offer  bid:Bid[Location: Milan, Duration: 1 week, Hotel Quality: Hostel])
135,1,0.4485049833887043,BoulwareNegotiationParty@0,(Offer  bid:Bid[Location: Barcelona, Duration: 2 weeks, Hotel Quality: Hostel])
135,2,0.4485049833887043,ConcederNegotiationParty@1,(Offer  bid:Bid[Location: Antalya, Duration: 2 weeks, Hotel Quality: 3 star hotel])
136,1,0.45182724252491696,BoulwareNegotiationParty@0,(Offer  bid:Bid[Location: Barcelona, Duration: 2 weeks, Hotel Quality: Hostel])
136,2,0.45182724252491696,ConcederNegotiationParty@1,(Offer  bid:Bid[Location: Antalya, Duration: 2 weeks, Hotel Quality: 3 star hotel])
137,1,0.45514950166112955,BoulwareNegotiationParty@0,(Offer  bid:Bid[Location: Barcelona, Duration: 2 weeks, Hotel Quality: Hostel])
137,2,0.45514950166112955,ConcederNegotiationParty@1,(Offer  bid:Bid[Location: Antalya, Duration: 2 weeks, Hotel Quality: 3 star hotel])
138,1,0.4584717607973422,BoulwareNegotiationParty@0,(Offer  bid:Bid[Location: Barcelona, Duration: 2 weeks, Hotel Quality: Hostel])
138,2,0.4584717607973422,ConcederNegotiationParty@1,(Offer  bid:Bid[Location: Antalya, Duration: 2 weeks, Hotel Quality: 3 star hotel])
139,1,0.46179401993355484,BoulwareNegotiationParty@0,(Offer  bid:Bid[Location: Barcelona, Duration: 2 weeks, Hotel Quality: Hostel])
139,2,0.46179401993355484,ConcederNegotiationParty@1,(Offer  bid:Bid[Location: Antalya, Duration: 2 weeks, Hotel Quality: 3 star hotel])
140,1,0.46511627906976744,BoulwareNegotiationParty@0,(Offer  bid:Bid[Location: Barcelona, Duration: 2 weeks, Hotel Quality: Hostel])
140,2,0.46511627906976744,ConcederNegotiationParty@1,(Offer  bid:Bid[Location: Antalya, Duration: 2 weeks, Hotel Quality: 3 star hotel])
141,1,0.4684385382059801,BoulwareNegotiationParty@0,(Offer  bid:Bid[Location: Barcelona, Duration: 2 weeks, Hotel Quality: Hostel])
141,2,0.4684385382059801,ConcederNegotiationParty@1,(Offer  bid:Bid[Location: Antalya, Duration: 2 weeks, Hotel Quality: 3 star hotel])
142,1,0.4717607973421927,BoulwareNegotiationParty@0,(Offer  bid:Bid[Location: Barcelona, Duration: 2 weeks, Hotel Quality: Hostel])
142,2,0.4717607973421927,ConcederNegotiationParty@1,(Offer  bid:Bid[Location: Antalya, Duration: 2 weeks, Hotel Quality: 3 star hotel])
143,1,0.4750830564784053,BoulwareNegotiationParty@0,(Offer  bid:Bid[Location: Barcelona, Duration: 2 weeks, Hotel Quality: Hostel])
143,2,0.4750830564784053,ConcederNegotiationParty@1,(Offer  bid:Bid[Location: Antalya, Duration: 2 weeks, Hotel Quality: 3 star hotel])
144,1,0.47840531561461797,BoulwareNegotiationParty@0,(Offer  bid:Bid[Location: Barcelona, Duration: 2 weeks, Hotel Quality: Hostel])
144,2,0.47840531561461797,ConcederNegotiationParty@1,(Offer  bid:Bid[Location: Antalya, Duration: 2 weeks, Hotel Quality: 3 star hotel])
145,1,0.48172757475083056,BoulwareNegotiationParty@0,(Offer  bid:Bid[Location: Barcelona, Duration: 2 weeks, Hotel Quality: Hostel])
145,2,0.48172757475083056,ConcederNegotiationParty@1,(Offer  bid:Bid[Location: Antalya, Duration: 2 weeks, Hotel Quality: 3 star hotel])
146,1,0.4850498338870432,BoulwareNegotiationParty@0,(Offer  bid:Bid[Location: Barcelona, Duration: 2 weeks, Hotel Quality: Hostel])
146,2,0.4850498338870432,ConcederNegotiationParty@1,(Offer  bid:Bid[Location: Antalya, Duration: 2 weeks, Hotel Quality: 3 star hotel])
147,1,0.4883720930232558,BoulwareNegotiationParty@0,(Offer  bid:Bid[Location: Barcelona, Duration: 2 weeks, Hotel Quality: Hostel])
147,2,0.4883720930232558,ConcederNegotiationParty@1,(Offer  bid:Bid[Location: Antalya, Duration: 2 weeks, Hotel Quality: 3 star hotel])
148,1,0.49169435215946844,BoulwareNegotiationParty@0,(Offer  bid:Bid[Location: Barcelona, Duration: 2 weeks, Hotel Quality: Hostel])
148,2,0.49169435215946844,ConcederNegotiationParty@1,(Offer  bid:Bid[Location: Antalya, Duration: 2 weeks, Hotel Quality: 3 star hotel])
149,1,0.4950166112956811,BoulwareNegotiationParty@0,(Offer  bid:Bid[Location: Barcelona, Duration: 2 weeks, Hotel Quality: Hostel])
149,2,0.4950166112956811,ConcederNegotiationParty@1,(Offer  bid:Bid[Location: Antalya, Duration: 2 weeks, Hotel Quality: 3 star hotel])
150,1,0.4983388704318937,BoulwareNegotiationParty@0,(Offer  bid:Bid[Location: Barcelona, Duration: 2 weeks, Hotel Quality: Hostel])
150,2,0.4983388704318937,ConcederNegotiationParty@1,(Offer  bid:Bid[Location: Antalya, Duration: 2 weeks, Hotel Quality: 3 star hotel])
151,1,0.5016611295681063,BoulwareNegotiationParty@0,(Offer  bid:Bid[Location: Barcelona, Duration: 2 weeks, Hotel Quality: Hostel])
151,2,0.5016611295681063,ConcederNegotiationParty@1,(Offer  bid:Bid[Location: Antalya, Duration: 2 weeks, Hotel Quality: 3 star hotel])
152,1,0.5049833887043189,BoulwareNegotiationParty@0,(Offer  bid:Bid[Location: Barcelona, Duration: 2 weeks, Hotel Quality: Hostel])
152,2,0.5049833887043189,ConcederNegotiationParty@1,(Offer  bid:Bid[Location: Antalya, Duration: 2 weeks, Hotel Quality: 3 star hotel])
153,1,0.5083056478405316,BoulwareNegotiationParty@0,(Offer  bid:Bid[Location: Barcelona, Duration: 2 weeks, Hotel Quality: Hostel])
153,2,0.5083056478405316,ConcederNegotiationParty@1,(Offer  bid:Bid[Location: Antalya, Duration: 2 weeks, Hotel Quality: 3 star hotel])
154,1,0.5116279069767442,BoulwareNegotiationParty@0,(Offer  bid:Bid[Location: Barcelona, Duration: 2 weeks, Hotel Quality: Hostel])
154,2,0.5116279069767442,ConcederNegotiationParty@1,(Offer  bid:Bid[Location: Antalya, Duration: 2 weeks, Hotel Quality: 3 star hotel])
155,1,0.5149501661129569,BoulwareNegotiationParty@0,(Offer  bid:Bid[Location: Barcelona, Duration: 2 weeks, Hotel Quality: Hostel])
155,2,0.5149501661129569,ConcederNegotiationParty@1,(Offer  bid:Bid[Location: Antalya, Duration: 2 weeks, Hotel Quality: 3 star hotel])
156,1,0.5182724252491694,BoulwareNegotiationParty@0,(Offer  bid:Bid[Location: Barcelona, Duration: 2 weeks, Hotel Quality: Hostel])
156,2,0.5182724252491694,ConcederNegotiationParty@1,(Offer  bid:Bid[Location: Antalya, Duration: 2 weeks, Hotel Quality: 3 star hotel])
157,1,0.521594684385382,BoulwareNegotiationParty@0,(Offer  bid:Bid[Location: Barcelona, Duration: 2 weeks, Hotel Quality: Hostel])
157,2,0.521594684385382,ConcederNegotiationParty@1,(Offer  bid:Bid[Location: Antalya, Duration: 2 weeks, Hotel Quality: 3 star hotel])
158,1,0.5249169435215947,BoulwareNegotiationParty@0,(Offer  bid:Bid[Location: Barcelona, Duration: 2 weeks, Hotel Quality: Hostel])
158,2,0.5249169435215947,ConcederNegotiationParty@1,(Offer  bid:Bid[Location: Antalya, Duration: 2 weeks, Hotel Quality: 3 star hotel])
159,1,0.5282392026578073,BoulwareNegotiationParty@0,(Offer  bid:Bid[Location: Barcelona, Duration: 2 weeks, Hotel Quality: Hostel])
159,2,0.5282392026578073,ConcederNegotiationParty@1,(Offer  bid:Bid[Location: Antalya, Duration: 2 weeks, Hotel Quality: 3 star hotel])
160,1,0.53156146179402,BoulwareNegotiationParty@0,(Offer  bid:Bid[Location: Barcelona, Duration: 2 weeks, Hotel Quality: Hostel])
160,2,0.53156146179402,ConcederNegotiationParty@1,(Offer  bid:Bid[Location: Antalya, Duration: 2 weeks, Hotel Quality: 3 star hotel])
161,1,0.5348837209302325,BoulwareNegotiationParty@0,(Offer  bid:Bid[Location: Barcelona, Duration: 2 weeks, Hotel Quality: Hostel])
161,2,0.5348837209302325,ConcederNegotiationParty@1,(Offer  bid:Bid[Location: Antalya, Duration: 2 weeks, Hotel Quality: 3 star hotel])
162,1,0.5382059800664452,BoulwareNegotiationParty@0,(Offer  bid:Bid[Location: Barcelona, Duration: 2 weeks, Hotel Quality: Hostel])
162,2,0.5382059800664452,ConcederNegotiationParty@1,(Offer  bid:Bid[Location: Antalya, Duration: 2 weeks, Hotel Quality: 3 star hotel])
163,1,0.5415282392026578,BoulwareNegotiationParty@0,(Offer  bid:Bid[Location: Barcelona, Duration: 2 weeks, Hotel Quality: Hostel])
163,2,0.5415282392026578,ConcederNegotiationParty@1,(Offer  bid:Bid[Location: Antalya, Duration: 2 weeks, Hotel Quality: 3 star hotel])
164,1,0.5448504983388704,BoulwareNegotiationParty@0,(Offer  bid:Bid[Location: Barcelona, Duration: 2 weeks, Hotel Quality: Hostel])
164,2,0.5448504983388704,ConcederNegotiationParty@1,(Offer  bid:Bid[Location: Antalya, Duration: 2 weeks, Hotel Quality: 3 star hotel])
165,1,0.5481727574750831,BoulwareNegotiationParty@0,(Offer  bid:Bid[Location: Barcelona, Duration: 2 weeks, Hotel Quality: Hostel])
165,2,0.5481727574750831,ConcederNegotiationParty@1,(Offer  bid:Bid[Location: Antalya, Duration: 2 weeks, Hotel Quality: 3 star hotel])
166,1,0.5514950166112956,BoulwareNegotiationParty@0,(Offer  bid:Bid[Location: Barcelona, Duration: 2 weeks, Hotel Quality: Hostel])
166,2,0.5514950166112956,ConcederNegotiationParty@1,(Offer  bid:Bid[Location: Antalya, Duration: 2 weeks, Hotel Quality: 3 star hotel])
167,1,0.5548172757475083,BoulwareNegotiationParty@0,(Offer  bid:Bid[Location: Barcelona, Duration: 2 weeks, Hotel Quality: Hostel])
167,2,0.5548172757475083,ConcederNegotiationParty@1,(Offer  bid:Bid[Location: Antalya, Duration: 2 weeks, Hotel Quality: 3 star hotel])
168,1,0.5581395348837209,BoulwareNegotiationParty@0,(Offer  bid:Bid[Location: Barcelona, Duration: 2 weeks, Hotel Quality: Hostel])
168,2,0.5581395348837209,ConcederNegotiationParty@1,(Offer  bid:Bid[Location: Antalya, Duration: 2 weeks, Hotel Quality: 3 star hotel])
169,1,0.5614617940199336,BoulwareNegotiationParty@0,(Offer  bid:Bid[Location: Barcelona, Duration: 2 weeks, Hotel Quality: Hostel])
169,2,0.5614617940199336,ConcederNegotiationParty@1,(Offer  bid:Bid[Location: Antalya, Duration: 2 weeks, Hotel Quality: 3 star hotel])
170,1,0.5647840531561462,BoulwareNegotiationParty@0,(Offer  bid:Bid[Location: Barcelona, Duration: 2 weeks, Hotel Quality: Hostel])
170,2,0.5647840531561462,ConcederNegotiationParty@1,(Offer  bid:Bid[Location: Antalya, Duration: 2 weeks, Hotel Quality: 3 star hotel])
171,1,0.5681063122923588,BoulwareNegotiationParty@0,(Offer  bid:Bid[Location: Barcelona, Duration: 2 weeks, Hotel Quality: Hostel])
171,2,0.5681063122923588,ConcederNegotiationParty@1,(Offer  bid:Bid[Location: Antalya, Duration: 2 weeks, Hotel Quality: 3 star hotel])
172,1,0.5714285714285714,BoulwareNegotiationParty@0,(Offer  bid:Bid[Location: Barcelona, Duration: 2 weeks, Hotel Quality: Hostel])
172,2,0.5714285714285714,ConcederNegotiationParty@1,(Offer  bid:Bid[Location: Antalya, Duration: 2 weeks, Hotel Quality: 3 star hotel])
173,1,0.574750830564784,BoulwareNegotiationParty@0,(Offer  bid:Bid[Location: Barcelona, Duration: 2 weeks, Hotel Quality: Hostel])
173,2,0.574750830564784,ConcederNegotiationParty@1,(Offer  bid:Bid[Location: Antalya, Duration: 2 weeks, Hotel Quality: 3 star hotel])
174,1,0.5780730897009967,BoulwareNegotiationParty@0,(Offer  bid:Bid[Location: Barcelona, Duration: 2 weeks, Hotel Quality: Hostel])
174,2,0.5780730897009967,ConcederNegotiationParty@1,(Offer  bid:Bid[Location: Antalya, Duration: 2 weeks, Hotel Quality: 3 star hotel])
175,1,0.5813953488372093,BoulwareNegotiationParty@0,(Offer  bid:Bid[Location: Barcelona, Duration: 2 weeks, Hotel Quality: Hostel])
175,2,0.5813953488372093,ConcederNegotiationParty@1,(Offer  bid:Bid[Location: Antalya, Duration: 2 weeks, Hotel Quality: 3 star hotel])
176,1,0.584717607973422,BoulwareNegotiationParty@0,(Offer  bid:Bid[Location: Barcelona, Duration: 2 weeks, Hotel Quality: Hostel])
176,2,0.584717607973422,ConcederNegotiationParty@1,(Offer  bid:Bid[Location: Antalya, Duration: 2 weeks, Hotel Quality: 3 star hotel])
177,1,0.5880398671096345,BoulwareNegotiationParty@0,(Offer  bid:Bid[Location: Barcelona, Duration: 2 weeks, Hotel Quality: Hostel])
177,2,0.5880398671096345,ConcederNegotiationParty@1,(Offer  bid:Bid[Location: Antalya, Duration: 2 weeks, Hotel Quality: 3 star hotel])
178,1,0.5913621262458472,BoulwareNegotiationParty@0,(Offer  bid:Bid[Location: Barcelona, Duration: 2 weeks, Hotel Quality: Hostel])
178,2,0.5913621262458472,ConcederNegotiationParty@1,(Offer  bid:Bid[Location: Antalya, Duration: 2 weeks, Hotel Quality: 3 star hotel])
179,1,0.5946843853820598,BoulwareNegotiationParty@0,(Offer  bid:Bid[Location: Barcelona, Duration: 2 weeks, Hotel Quality: Hostel])
179,2,0.5946843853820598,ConcederNegotiationParty@1,(Offer  bid:Bid[Location: Antalya, Duration: 2 weeks, Hotel Quality: 3 star hotel])
180,1,0.5980066445182725,BoulwareNegotiationParty@0,(Offer  bid:Bid[Location: Barcelona, Duration: 2 weeks, Hotel Quality: Hostel])
180,2,0.5980066445182725,ConcederNegotiationParty@1,(Offer  bid:Bid[Location: Antalya, Duration: 2 weeks, Hotel Quality: 3 star hotel])
181,1,0.6013289036544851,BoulwareNegotiationParty@0,(Offer  bid:Bid[Location: Barcelona, Duration: 2 weeks, Hotel Quality: Hostel])
181,2,0.6013289036544851,ConcederNegotiationParty@1,(Offer  bid:Bid[Location: Antalya, Duration: 2 weeks, Hotel Quality: 3 star hotel])
182,1,0.6046511627906976,BoulwareNegotiationParty@0,(Offer  bid:Bid[Location: Barcelona, Duration: 2 weeks, Hotel Quality: Hostel])
182,2,0.6046511627906976,ConcederNegotiationParty@1,(Offer  bid:Bid[Location: Antalya, Duration: 2 weeks, Hotel Quality: 3 star hotel])
183,1,0.6079734219269103,BoulwareNegotiationParty@0,(Offer  bid:Bid[Location: Barcelona, Duration: 2 weeks, Hotel Quality: Hostel])
183,2,0.6079734219269103,ConcederNegotiationParty@1,(Offer  bid:Bid[Location: Antalya, Duration: 2 weeks, Hotel Quality: 3 star hotel])
184,1,0.6112956810631229,BoulwareNegotiationParty@0,(Offer  bid:Bid[Location: Barcelona, Duration: 2 weeks, Hotel Quality: Hostel])
184,2,0.6112956810631229,ConcederNegotiationParty@1,(Offer  bid:Bid[Location: Antalya, Duration: 2 weeks, Hotel Quality: 3 star hotel])
185,1,0.6146179401993356,BoulwareNegotiationParty@0,(Offer  bid:Bid[Location: Barcelona, Duration: 2 weeks, Hotel Quality: Hostel])
185,2,0.6146179401993356,ConcederNegotiationParty@1,(Offer  bid:Bid[Location: Antalya, Duration: 2 weeks, Hotel Quality: 3 star hotel])
186,1,0.6179401993355482,BoulwareNegotiationParty@0,(Offer  bid:Bid[Location: Barcelona, Duration: 2 weeks, Hotel Quality: Hostel])
186,2,0.6179401993355482,ConcederNegotiationParty@1,(Offer  bid:Bid[Location: Antalya, Duration: 2 weeks, Hotel Quality: 3 star hotel])
187,1,0.6212624584717608,BoulwareNegotiationParty@0,(Offer  bid:Bid[Location: Barcelona, Duration: 2 weeks, Hotel Quality: Hostel])
187,2,0.6212624584717608,ConcederNegotiationParty@1,(Offer  bid:Bid[Location: Antalya, Duration: 2 weeks, Hotel Quality: 3 star hotel])
188,1,0.6245847176079734,BoulwareNegotiationParty@0,(Offer  bid:Bid[Location: Barcelona, Duration: 2 weeks, Hotel Quality: Hostel])
188,2,0.6245847176079734,ConcederNegotiationParty@1,(Offer  bid:Bid[Location: Antalya, Duration: 2 weeks, Hotel Quality: 3 star hotel])
189,1,0.627906976744186,BoulwareNegotiationParty@0,(Offer  bid:Bid[Location: Barcelona, Duration: 2 weeks, Hotel Quality: Hostel])
189,2,0.627906976744186,ConcederNegotiationParty@1,(Offer  bid:Bid[Location: Antalya, Duration: 2 weeks, Hotel Quality: 3 star hotel])
190,1,0.6312292358803987,BoulwareNegotiationParty@0,(Offer  bid:Bid[Location: Barcelona, Duration: 2 weeks, Hotel Quality: Hostel])
190,2,0.6312292358803987,ConcederNegotiationParty@1,(Offer  bid:Bid[Location: Antalya, Duration: 2 weeks, Hotel Quality: 3 star hotel])
191,1,0.6345514950166113,BoulwareNegotiationParty@0,(Offer  bid:Bid[Location: Barcelona, Duration: 2 weeks, Hotel Quality: Hostel])
191,2,0.6345514950166113,ConcederNegotiationParty@1,(Offer  bid:Bid[Location: Antalya, Duration: 2 weeks, Hotel Quality: 3 star hotel])
192,1,0.6378737541528239,BoulwareNegotiationParty@0,(Offer  bid:Bid[Location: Barcelona, Duration: 2 weeks, Hotel Quality: Hostel])
192,2,0.6378737541528239,ConcederNegotiationParty@1,(Offer  bid:Bid[Location: Antalya, Duration: 2 weeks, Hotel Quality: 3 star hotel])
193,1,0.6411960132890365,BoulwareNegotiationParty@0,(Offer  bid:Bid[Location: Barcelona, Duration: 2 weeks, Hotel Quality: Hostel])
193,2,0.6411960132890365,ConcederNegotiationParty@1,(Offer  bid:Bid[Location: Antalya, Duration: 2 weeks, Hotel Quality: 3 star hotel])
194,1,0.6445182724252492,BoulwareNegotiationParty@0,(Offer  bid:Bid[Location: Barcelona, Duration: 2 weeks, Hotel Quality: Hostel])
194,2,0.6445182724252492,ConcederNegotiationParty@1,(Offer  bid:Bid[Location: Antalya, Duration: 2 weeks, Hotel Quality: 3 star hotel])
195,1,0.6478405315614618,BoulwareNegotiationParty@0,(Offer  bid:Bid[Location: Barcelona, Duration: 2 weeks, Hotel Quality: Hostel])
195,2,0.6478405315614618,ConcederNegotiationParty@1,(Offer  bid:Bid[Location: Antalya, Duration: 2 weeks, Hotel Quality: 3 star hotel])
196,1,0.6511627906976745,BoulwareNegotiationParty@0,(Offer  bid:Bid[Location: Barcelona, Duration: 2 weeks, Hotel Quality: Hostel])
196,2,0.6511627906976745,ConcederNegotiationParty@1,(Offer  bid:Bid[Location: Antalya, Duration: 2 weeks, Hotel Quality: 3 star hotel])
197,1,0.654485049833887,BoulwareNegotiationParty@0,(Offer  bid:Bid[Location: Barcelona, Duration: 2 weeks, Hotel Quality: Hostel])
197,2,0.654485049833887,ConcederNegotiationParty@1,(Offer  bid:Bid[Location: Antalya, Duration: 2 weeks, Hotel Quality: 3 star hotel])
198,1,0.6578073089700996,BoulwareNegotiationParty@0,(Offer  bid:Bid[Location: Barcelona, Duration: 2 weeks, Hotel Quality: Hostel])
198,2,0.6578073089700996,ConcederNegotiationParty@1,(Offer  bid:Bid[Location: Antalya, Duration: 2 weeks, Hotel Quality: 3 star hotel])
199,1,0.6611295681063123,BoulwareNegotiationParty@0,(Offer  bid:Bid[Location: Barcelona, Duration: 2 weeks, Hotel Quality: Hostel])
199,2,0.6611295681063123,ConcederNegotiationParty@1,(Offer  bid:Bid[Location: Antalya, Duration: 2 weeks, Hotel Quality: 3 star hotel])
200,1,0.6644518272425249,BoulwareNegotiationParty@0,(Offer  bid:Bid[Location: Barcelona, Duration: 2 weeks, Hotel Quality: Hostel])
200,2,0.6644518272425249,ConcederNegotiationParty@1,(Offer  bid:Bid[Location: Antalya, Duration: 2 weeks, Hotel Quality: 3 star hotel])
201,1,0.6677740863787376,BoulwareNegotiationParty@0,(Offer  bid:Bid[Location: Barcelona, Duration: 2 weeks, Hotel Quality: Hostel])
201,2,0.6677740863787376,ConcederNegotiationParty@1,(Offer  bid:Bid[Location: Antalya, Duration: 2 weeks, Hotel Quality: 3 star hotel])
202,1,0.6710963455149501,BoulwareNegotiationParty@0,(Offer  bid:Bid[Location: Barcelona, Duration: 2 weeks, Hotel Quality: Hostel])
202,2,0.6710963455149501,ConcederNegotiationParty@1,(Offer  bid:Bid[Location: Antalya, Duration: 2 weeks, Hotel Quality: 3 star hotel])
203,1,0.6744186046511628,BoulwareNegotiationParty@0,(Offer  bid:Bid[Location: Barcelona, Duration: 2 weeks, Hotel Quality: Hostel])
203,2,0.6744186046511628,ConcederNegotiationParty@1,(Offer  bid:Bid[Location: Antalya, Duration: 2 weeks, Hotel Quality: 3 star hotel])
204,1,0.6777408637873754,BoulwareNegotiationParty@0,(Offer  bid:Bid[Location: Barcelona, Duration: 2 weeks, Hotel Quality: Hostel])
204,2,0.6777408637873754,ConcederNegotiationParty@1,(Offer  bid:Bid[Location: Antalya, Duration: 2 weeks, Hotel Quality: 3 star hotel])
205,1,0.6810631229235881,BoulwareNegotiationParty@0,(Offer  bid:Bid[Location: Barcelona, Duration: 2 weeks, Hotel Quality: Hostel])
205,2,0.6810631229235881,ConcederNegotiationParty@1,(Offer  bid:Bid[Location: Antalya, Duration: 2 weeks, Hotel Quality: 3 star hotel])
206,1,0.6843853820598007,BoulwareNegotiationParty@0,(Offer  bid:Bid[Location: Barcelona, Duration: 2 weeks, Hotel Quality: Hostel])
206,2,0.6843853820598007,ConcederNegotiationParty@1,(Offer  bid:Bid[Location: Antalya, Duration: 2 weeks, Hotel Quality: 3 star hotel])
207,1,0.6877076411960132,BoulwareNegotiationParty@0,(Offer  bid:Bid[Location: Barcelona, Duration: 2 weeks, Hotel Quality: Hostel])
207,2,0.6877076411960132,ConcederNegotiationParty@1,(Offer  bid:Bid[Location: Antalya, Duration: 2 weeks, Hotel Quality: 3 star hotel])
208,1,0.6910299003322259,BoulwareNegotiationParty@0,(Offer  bid:Bid[Location: Barcelona, Duration: 2 weeks, Hotel Quality: Hostel])
208,2,0.6910299003322259,ConcederNegotiationParty@1,(Offer  bid:Bid[Location: Antalya, Duration: 2 weeks, Hotel Quality: 3 star hotel])
209,1,0.6943521594684385,BoulwareNegotiationParty@0,(Offer  bid:Bid[Location: Barcelona, Duration: 2 weeks, Hotel Quality: Hostel])
209,2,0.6943521594684385,ConcederNegotiationParty@1,(Offer  bid:Bid[Location: Antalya, Duration: 2 weeks, Hotel Quality: 3 star hotel])
210,1,0.6976744186046512,BoulwareNegotiationParty@0,(Offer  bid:Bid[Location: Barcelona, Duration: 2 weeks, Hotel Quality: Hostel])
210,2,0.6976744186046512,ConcederNegotiationParty@1,(Offer  bid:Bid[Location: Antalya, Duration: 2 weeks, Hotel Quality: 3 star hotel])
211,1,0.7009966777408638,BoulwareNegotiationParty@0,(Offer  bid:Bid[Location: Barcelona, Duration: 2 weeks, Hotel Quality: Hostel])
211,2,0.7009966777408638,ConcederNegotiationParty@1,(Accept  bid:Bid[Location: Barcelona, Duration: 2 weeks, Hotel Quality: Hostel])
agreement,Bid[Location: Barcelona, Duration: 2 weeks, Hotel Quality: Hostel],1.0,0.5331290074670093
